frame,latency_ms,jitter_ms,size_bytes,timestamp_unix
1,391.9537,391.9537,39789,1770974478.36
2,365.1659,26.7878,39940,1770974478.373
3,385.7057,20.5398,39937,1770974478.429
4,357.3163,28.3895,39997,1770974478.441
5,378.4583,21.1420,40003,1770974478.502
6,349.6034,28.8548,40021,1770974478.513
7,325.6755,23.9279,39957,1770974478.529
8,338.8054,13.1299,39997,1770974478.582
9,308.0101,30.7953,40068,1770974478.591
10,301.1599,6.8502,40050,1770974478.624
11,289.1622,11.9977,40070,1770974478.652
12,297.2941,8.1320,40037,1770974478.7
13,297.2040,0.0901,39993,1770974478.74
14,297.3280,0.1240,39964,1770974478.78
15,294.4229,2.9051,39981,1770974478.817
16,288.4846,5.9383,40038,1770974478.851
17,284.6756,3.8090,40010,1770974478.887
18,281.7192,2.9564,39970,1770974478.924
19,288.8823,7.1630,40098,1770974478.971
20,305.0539,16.1717,39937,1770974479.027
21,286.1733,18.8806,39922,1770974479.048
22,300.4131,14.2398,39965,1770974479.102
23,288.6198,11.7934,40142,1770974479.13
24,289.6614,1.0417,40022,1770974479.171
25,287.7827,1.8787,40022,1770974479.209
26,298.8975,11.1148,39970,1770974479.26
27,306.0637,7.1661,39962,1770974479.307
28,302.2864,3.7773,39986,1770974479.343
29,304.7879,2.5015,39970,1770974479.381
30,303.6449,1.1430,40026,1770974479.42
31,294.6651,8.9798,39966,1770974479.452
32,295.6891,1.0240,40033,1770974479.493
33,288.8448,6.8443,40022,1770974479.526
34,283.8018,5.0430,39986,1770974479.562
35,304.9257,21.1239,39970,1770974479.623
36,302.1173,2.8083,39950,1770974479.66
37,301.3442,0.7732,39954,1770974479.699
38,305.6078,4.2636,40018,1770974479.743
39,301.7783,3.8295,40018,1770974479.779
40,310.7924,9.0141,40050,1770974479.828
41,289.7749,21.0176,40013,1770974479.847
42,299.9349,10.1600,40018,1770974479.897
43,294.1291,5.8057,40025,1770974479.931
44,285.2547,8.8744,40086,1770974479.962
45,300.4630,15.2082,40017,1770974480.017
46,300.6203,0.1574,39938,1770974480.057
47,302.7213,2.1009,40094,1770974480.099
48,301.8243,0.8969,39942,1770974480.138
49,306.9229,5.0986,39974,1770974480.183
50,284.1074,22.8155,40038,1770974480.2
51,290.2932,6.1858,39989,1770974480.246
52,294.5397,4.2465,40050,1770974480.29
53,294.6692,0.1295,40050,1770974480.33
54,296.3455,1.6763,40022,1770974480.368
55,285.2616,11.0838,40074,1770974480.398
56,283.3450,1.9166,40045,1770974480.437
57,290.8802,7.5352,40022,1770974480.485
58,303.6923,12.8121,40078,1770974480.538
59,292.7265,10.9658,40078,1770974480.567
60,294.8470,2.1205,39961,1770974480.609
61,301.7733,6.9263,40030,1770974480.656
62,292.9776,8.7957,40066,1770974480.687
63,298.1060,5.1284,40026,1770974480.732
64,304.1356,6.0296,40066,1770974480.778
65,296.3135,7.8220,40102,1770974480.81
66,287.5144,8.7991,40018,1770974480.841
67,287.2436,0.2708,40102,1770974480.881
68,304.2204,16.9768,40050,1770974480.938
69,291.2719,12.9485,40134,1770974480.966
70,297.4224,6.1505,40082,1770974481.012
71,298.5933,1.1709,40114,1770974481.053
72,287.6847,10.9086,40034,1770974481.082
73,292.7678,5.0831,40154,1770974481.127
74,300.9255,8.1577,40002,1770974481.175
75,287.5245,13.4010,40030,1770974481.202
76,284.6341,2.8903,40061,1770974481.24
77,300.8623,16.2282,40026,1770974481.296
78,292.8801,7.9823,40021,1770974481.328
79,288.8076,4.0724,40054,1770974481.359
80,298.0211,9.2134,40057,1770974481.408
81,297.2026,0.8185,39966,1770974481.447
82,289.3462,7.8564,40034,1770974481.48
83,290.4601,1.1139,40034,1770974481.521
84,307.4441,16.9840,40057,1770974481.578
85,291.5456,15.8985,40086,1770974481.602
86,289.6357,1.9100,39994,1770974481.64
87,288.7173,0.9184,39986,1770974481.679
88,294.9028,6.1855,39978,1770974481.725
89,291.0006,3.9022,39990,1770974481.761
90,289.2621,1.7385,39929,1770974481.799
91,291.5025,2.2404,39970,1770974481.841
92,291.6741,0.1717,40005,1770974481.881
93,292.9354,1.2612,40018,1770974481.922
94,282.0106,10.9248,39966,1770974481.951
95,291.1456,9.1350,40018,1770974482
96,282.3865,8.7590,39938,1770974482.031
97,287.5488,5.1622,39994,1770974482.076
98,298.7525,11.2038,40054,1770974482.127
99,289.9644,8.7881,40030,1770974482.158
100,292.1422,2.1777,39970,1770974482.2
101,299.3672,7.2250,40023,1770974482.247
102,300.3159,0.9487,39995,1770974482.289
103,292.5048,7.8111,40007,1770974482.321
104,301.5924,9.0876,39943,1770974482.366
105,301.7902,0.1979,39807,1770974482.406
106,295.0814,6.7089,39727,1770974482.439
107,296.2186,1.1373,39859,1770974482.48
108,296.3762,0.1576,39787,1770974482.52
109,295.5134,0.8628,39747,1770974482.559
110,303.5865,8.0731,39483,1770974482.607
111,297.7571,5.8293,40134,1770974482.641
112,287.8997,9.8574,41387,1770974482.671
113,292.0983,4.1986,39763,1770974482.715
114,291.3613,0.7370,39167,1770974482.754
115,284.4915,6.8698,40591,1770974482.787
116,287.7002,3.2086,40039,1770974482.83
117,288.8477,1.1475,39935,1770974482.871
118,285.9943,2.8534,39883,1770974482.908
119,284.1599,1.8344,39971,1770974482.946
120,299.2198,15.0599,39987,1770974483.001
121,298.3465,0.8733,40059,1770974483.04
122,293.4432,4.9033,40010,1770974483.075
123,304.5373,11.0941,40047,1770974483.126
124,300.7412,3.7961,39991,1770974483.162
125,305.8429,5.1017,39967,1770974483.207
126,299.9418,5.9011,40031,1770974483.241
127,293.0553,6.8865,40175,1770974483.274
128,293.2301,0.1748,41098,1770974483.314
129,291.5528,1.6773,41495,1770974483.348
130,293.5643,2.0115,39371,1770974483.39
131,293.6609,0.0966,40823,1770974483.43
132,292.7237,0.9372,41383,1770974483.469
133,292.8152,0.0916,42054,1770974483.509
134,287.8656,4.9496,42139,1770974483.544
135,302.9239,15.0583,42275,1770974483.599
136,300.9858,1.9381,42031,1770974483.637
137,309.0210,8.0352,41862,1770974483.685
138,290.2284,18.7926,41639,1770974483.706
139,288.4119,1.8165,41803,1770974483.744
140,300.4940,12.0821,41922,1770974483.796
141,290.6218,9.8722,41707,1770974483.826
142,283.7522,6.8696,41059,1770974483.859
143,283.9556,0.2034,40487,1770974483.899
144,299.1972,15.2416,39831,1770974483.954
145,299.3767,0.1795,39283,1770974483.994
146,289.5095,9.8672,41003,1770974484.024
147,291.5230,2.0134,41354,1770974484.066
148,284.6105,6.9125,40715,1770974484.099
149,283.4151,1.1954,39050,1770974484.138
150,285.3866,1.9715,39403,1770974484.18
151,289.4075,4.0209,40883,1770974484.224
152,285.4393,3.9682,41779,1770974484.26
153,292.5022,7.0629,42423,1770974484.307
154,294.5695,2.0673,42123,1770974484.344
155,297.4367,2.8672,41615,1770974484.387
156,289.4723,7.9644,41379,1770974484.419
157,290.5691,1.0967,39822,1770974484.46
158,284.5449,6.0241,38658,1770974484.494
159,289.6276,5.0826,40815,1770974484.539
160,296.6619,7.0343,41479,1770974484.586
161,299.7019,3.0401,40374,1770974484.629
162,296.7556,2.9464,40311,1770974484.666
163,293.6556,3.0999,41179,1770974484.703
164,287.7557,5.8999,41471,1770974484.737
165,285.8293,1.9264,41811,1770974484.775
166,294.9774,9.1481,41883,1770974484.824
167,285.1403,9.8372,41007,1770974484.854
168,285.2645,0.1242,40487,1770974484.895
169,299.4432,14.1788,39027,1770974484.949
170,291.6245,7.8187,40731,1770974484.981
171,288.8107,2.8138,40351,1770974485.018
172,296.0017,7.1909,40683,1770974485.065
173,290.0431,5.9586,39138,1770974485.099
174,296.2096,6.1665,40991,1770974485.145
175,291.2393,4.9703,41199,1770974485.18
176,286.4158,4.8234,41431,1770974485.215
177,284.5175,1.8983,41183,1770974485.253
178,298.6019,14.0843,40962,1770974485.307
179,310.3783,11.7764,40807,1770974485.354
180,298.5342,11.8442,40447,1770974485.382
181,296.2139,2.3203,40227,1770974485.42
182,302.3481,6.1343,39929,1770974485.466
183,301.4607,0.8874,39971,1770974485.505
184,302.5110,1.0502,40134,1770974485.546
185,296.6747,5.8362,39707,1770974485.58
186,285.8310,10.8438,40698,1770974485.609
187,290.9887,5.1577,41003,1770974485.654
188,304.0156,13.0270,39543,1770974485.707
189,297.1859,6.8297,39139,1770974485.74
190,293.3931,3.7928,39166,1770974485.776
191,291.5690,1.8241,40354,1770974485.814
192,292.7568,1.1878,40979,1770974485.855
193,286.8621,5.8947,39803,1770974485.889
194,297.1022,10.2401,39827,1770974485.939
195,307.3282,10.2260,40185,1770974485.989
196,293.3664,13.9618,40343,1770974486.015
197,293.5174,0.1509,39423,1770974486.055
198,284.6551,8.8623,39274,1770974486.086
199,287.8809,3.2258,42490,1770974486.129
200,291.9207,4.0398,43359,1770974486.173
201,285.9023,6.0184,43971,1770974486.207
202,287.9541,2.0518,43822,1770974486.249
203,286.9430,1.0111,43607,1770974486.288
204,298.0061,11.0631,39614,1770974486.339
205,297.9696,0.0365,38379,1770974486.375
206,315.9328,17.9632,40011,1770974486.434
207,289.1011,26.8316,39638,1770974486.448
208,287.4799,1.6212,39651,1770974486.487
209,298.5697,11.0898,39587,1770974486.538
210,287.7338,10.8359,39595,1770974486.567
211,292.8932,5.1594,39591,1770974486.612
212,300.1029,7.2098,39646,1770974486.659
213,289.2716,10.8314,39591,1770974486.688
214,289.3987,0.1271,39719,1770974486.728
215,291.5533,2.1546,39575,1770974486.77
216,296.7103,5.1570,39691,1770974486.815
217,293.9608,2.7494,39875,1770974486.852
218,284.1945,9.7663,39739,1770974486.882
219,292.3386,8.1441,39767,1770974486.93
220,285.5265,6.8121,39767,1770974486.963
221,288.6674,3.1409,39731,1770974487.006
222,288.9431,0.2756,39702,1770974487.046
223,286.1450,2.7981,39738,1770974487.083
224,282.2711,3.8738,39667,1770974487.119
225,290.4909,8.2197,39707,1770974487.167
226,282.6021,7.8888,39747,1770974487.199
227,296.7057,14.1037,39747,1770974487.253
228,289.8495,6.8562,39635,1770974487.286
229,290.9410,1.0915,39794,1770974487.327
230,295.0149,4.0739,39675,1770974487.366
231,284.0092,11.0056,39723,1770974487.395
232,291.2161,7.2069,39727,1770974487.442
233,287.3378,3.8784,39703,1770974487.478
234,282.3393,4.9984,39699,1770974487.513
235,283.5338,1.1945,39735,1770974487.554
236,303.3760,19.8421,39651,1770974487.614
237,292.4366,10.9394,39723,1770974487.643
238,290.5381,1.8985,39753,1770974487.681
239,283.5462,6.9919,39771,1770974487.714
240,284.6031,1.0569,39706,1770974487.755
241,291.6808,7.0777,39739,1770974487.802
242,283.7613,7.9195,39742,1770974487.834
243,287.9012,4.1399,39738,1770974487.878
244,297.9028,10.0017,39707,1770974487.928
245,294.0586,3.8443,39699,1770974487.964
246,291.1713,2.8872,39791,1770974488.001
247,284.3013,6.8700,39767,1770974488.034
248,284.4312,0.1299,39739,1770974488.074
249,289.4466,5.0154,39775,1770974488.119
250,285.5334,3.9132,39739,1770974488.155
251,284.6208,0.9127,39795,1770974488.194
252,292.6669,8.0462,39715,1770974488.242
253,284.7648,7.9021,39731,1770974488.274
254,284.7805,0.0157,39767,1770974488.314
255,301.5971,16.8166,39763,1770974488.366
256,289.7820,11.8151,39746,1770974488.394
257,289.7975,0.0155,39763,1770974488.435
258,287.9066,1.8909,39839,1770974488.473
259,286.8524,1.0543,39755,1770974488.512
260,287.0007,0.1483,39771,1770974488.552
261,307.0686,20.0679,39799,1770974488.612
262,306.0334,1.0352,39767,1770974488.651
263,283.1643,22.8691,39719,1770974488.668
264,282.2125,0.9518,39771,1770974488.707
265,293.3321,11.1196,39823,1770974488.758
266,288.5132,4.8189,39743,1770974488.793
267,293.5257,5.0125,39763,1770974488.838
268,286.6919,6.8338,39799,1770974488.871
269,283.8202,2.8718,39782,1770974488.908
270,298.0752,14.2550,39759,1770974488.962
271,293.3083,4.7669,39819,1770974488.997
272,298.3754,5.0671,39691,1770974489.042
273,297.5130,0.8624,39731,1770974489.081
274,301.1708,3.6578,39659,1770974489.125
275,299.2084,1.9624,39663,1770974489.164
276,296.3018,2.9066,39735,1770974489.202
277,307.9162,11.6143,39751,1770974489.254
278,297.0545,10.8616,39727,1770974489.283
279,287.1563,9.8982,39739,1770974489.313
280,302.7225,15.5661,39655,1770974489.364
281,299.3016,3.4208,39699,1770974489.401
282,299.4156,0.1140,39727,1770974489.441
283,298.6231,0.7925,39706,1770974489.48
284,301.7561,3.1331,39674,1770974489.523
285,303.9196,2.1634,39635,1770974489.565
286,299.0620,4.8575,39694,1770974489.6
287,291.1110,7.9510,39662,1770974489.632
288,292.2642,1.1532,39590,1770974489.673
289,285.2829,6.9814,39679,1770974489.706
290,291.4159,6.1331,39691,1770974489.752
291,292.6555,1.2395,39691,1770974489.793
292,321.8441,29.1886,39654,1770974489.862
293,295.1138,26.7303,39651,1770974489.875
294,304.2564,9.1426,39615,1770974489.924
295,289.4390,14.8175,39606,1770974489.949
296,301.6236,12.1846,39719,1770974490.001
297,301.7042,0.0806,39695,1770974490.041
298,293.8440,7.8602,39650,1770974490.073
299,296.0684,2.2244,39691,1770974490.115
300,288.2020,7.8664,39634,1770974490.147
301,287.4303,0.7718,39586,1770974490.186
302,283.5410,3.8893,39662,1770974490.222
303,287.7369,4.1959,39667,1770974490.266
304,293.7968,6.0599,39691,1770974490.312
305,288.5950,5.2018,39766,1770974490.342
306,287.8196,0.7753,39667,1770974490.381
307,300.8633,13.0436,39667,1770974490.434
308,299.0580,1.8053,39673,1770974490.472
309,298.1980,0.8600,39652,1770974490.511
310,298.2910,0.0930,39623,1770974490.551
311,284.5490,13.7420,39634,1770974490.577
312,288.6806,4.1316,39635,1770974490.621
313,303.8626,15.1820,39663,1770974490.676
314,320.0214,16.1588,39627,1770974490.732
315,286.1245,33.8969,39607,1770974490.738
316,287.3213,1.1969,39635,1770974490.779
317,290.4768,3.1555,39723,1770974490.822
318,285.6562,4.8206,39710,1770974490.857
319,289.8762,4.2200,39635,1770974490.901
320,285.9762,3.9001,39622,1770974490.937
321,283.0794,2.8968,39675,1770974490.974
322,286.1679,3.0885,39587,1770974491.017
323,295.3308,9.1629,39695,1770974491.066
324,286.4680,8.8627,39521,1770974491.097
325,291.5423,5.0743,39603,1770974491.142
326,286.7353,4.8070,39615,1770974491.177
327,291.9509,5.2156,39590,1770974491.222
328,290.9698,0.9811,39583,1770974491.261
329,290.1611,0.8087,39663,1770974491.3
330,286.5288,3.6323,39695,1770974491.332
331,304.6467,18.1179,39683,1770974491.39
332,294.7931,9.8536,39574,1770974491.42
333,294.8575,0.0644,39659,1770974491.46
334,286.0351,8.8224,39694,1770974491.491
335,286.2222,0.1872,39587,1770974491.531
336,289.4120,3.1898,39698,1770974491.574
337,285.5959,3.8161,39698,1770974491.61
338,291.7657,6.1698,39723,1770974491.656
339,292.0206,0.2549,39715,1770974491.696
340,306.2110,14.1904,39598,1770974491.75
341,296.4139,9.7971,39651,1770974491.78
342,296.4885,0.0746,39699,1770974491.82
343,296.5734,0.0849,39731,1770974491.86
344,288.7681,7.8053,39669,1770974491.892
345,289.9995,1.2314,39691,1770974491.933
346,297.2035,7.2041,39663,1770974491.98
347,290.2977,6.9058,39683,1770974492.013
348,290.4742,0.1764,39731,1770974492.053
349,289.6848,0.7894,39655,1770974492.092
350,294.8086,5.1239,39707,1770974492.137
351,300.5919,5.7833,39659,1770974492.183
352,301.7700,1.1780,39642,1770974492.224
353,291.8985,9.8715,39603,1770974492.254
354,290.9517,0.9468,39663,1770974492.293
355,288.9717,1.9801,39635,1770974492.331
356,284.2047,4.7669,39771,1770974492.361
357,286.2818,2.0771,39643,1770974492.403
358,285.2643,1.0176,39659,1770974492.442
359,284.4052,0.8590,39639,1770974492.481
360,303.4384,19.0332,39603,1770974492.54
361,302.5334,0.9050,39671,1770974492.579
362,304.7075,2.1741,39575,1770974492.621
363,284.9121,19.7954,39618,1770974492.641
364,298.1606,13.2484,39635,1770974492.694
365,308.4207,10.2601,39667,1770974492.744
366,293.6063,14.8144,39631,1770974492.769
367,299.8455,6.2392,39751,1770974492.815
368,291.8038,8.0416,39670,1770974492.847
369,295.0153,3.2115,39619,1770974492.89
370,285.2421,9.7733,39742,1770974492.92
371,286.4063,1.1642,39659,1770974492.961
372,303.6385,17.2322,39695,1770974493.018
373,304.6846,1.0462,39719,1770974493.059
374,295.7609,8.9238,39702,1770974493.09
375,287.9028,7.8580,39775,1770974493.122
376,287.9202,0.0174,39667,1770974493.162
377,285.1374,2.7828,39639,1770974493.199
378,287.2937,2.1563,39707,1770974493.241
379,283.4103,3.8834,39727,1770974493.277
380,288.6031,5.1928,39622,1770974493.322
381,292.6159,4.0128,39571,1770974493.361
382,310.8401,18.2242,39515,1770974493.419
383,288.0337,22.8064,39531,1770974493.436
384,295.1927,7.1590,39547,1770974493.483
385,286.3700,8.8227,39510,1770974493.514
386,287.5025,1.1325,39555,1770974493.555
387,296.6611,9.1586,39498,1770974493.604
388,285.8753,10.7858,39579,1770974493.633
389,284.0466,1.8287,39571,1770974493.671
390,305.3582,21.3115,39545,1770974493.732
391,294.4467,10.9115,39695,1770974493.761
392,299.6347,5.1880,39535,1770974493.806
393,295.8474,3.7873,39587,1770974493.842
394,282.9714,12.8760,39639,1770974493.869
395,285.1362,2.1648,39615,1770974493.911
396,295.3146,10.1783,39603,1770974493.961
397,285.6021,9.7125,39634,1770974493.991
398,290.8993,5.2972,39639,1770974494.036
399,283.9756,6.9237,39615,1770974494.069
400,288.0940,4.1184,39678,1770974494.113
401,298.1117,10.0176,39611,1770974494.163
402,298.3170,0.2053,39651,1770974494.203
403,298.5435,0.2265,39611,1770974494.243
404,296.7255,1.8179,39699,1770974494.281
405,294.9569,1.7686,39555,1770974494.319
406,290.6301,4.3268,39619,1770974494.35
407,291.8534,1.2233,39595,1770974494.391
408,294.1036,2.2502,39591,1770974494.433
409,292.3148,1.7889,39723,1770974494.471
410,284.5538,7.7610,39571,1770974494.503
411,291.7655,7.2117,39619,1770974494.55
412,291.0447,0.7207,39723,1770974494.589
413,285.2387,5.8060,39643,1770974494.623
414,289.4459,4.2071,39691,1770974494.667
415,294.6091,5.1632,39646,1770974494.712
416,287.7314,6.8777,39643,1770974494.745
417,292.9747,5.2433,39675,1770974494.79
418,286.2327,6.7420,39635,1770974494.823
419,284.3633,1.8694,39587,1770974494.861
420,302.6073,18.2440,39687,1770974494.919
421,292.7873,9.8200,39715,1770974494.949
422,285.9521,6.8352,39630,1770974494.982
423,293.2036,7.2515,39663,1770974495.029
424,283.3784,9.8252,39663,1770974495.059
425,289.6166,6.2382,39695,1770974495.105
426,293.3695,3.7529,39551,1770974495.149
427,307.0745,13.7050,39547,1770974495.204
428,303.5383,3.5362,39639,1770974495.241
429,297.5283,6.0101,39637,1770974495.275
430,283.5429,13.9854,39639,1770974495.301
431,289.6051,6.0623,39586,1770974495.342
432,308.5821,18.9769,39526,1770974495.401
433,289.7375,18.8446,39547,1770974495.422
434,287.8835,1.8539,39599,1770974495.46
435,294.1256,6.2420,39555,1770974495.506
436,290.3504,3.7751,39547,1770974495.542
437,289.4902,0.8602,39546,1770974495.581
438,296.6766,7.1864,39559,1770974495.628
439,287.7874,8.8892,39475,1770974495.659
440,288.9094,1.1220,39595,1770974495.7
441,293.0889,4.1795,39490,1770974495.744
442,292.2399,0.8490,39471,1770974495.783
443,282.4287,9.8112,39623,1770974495.813
444,291.5723,9.1436,39671,1770974495.862
445,289.7682,1.8041,39541,1770974495.9
446,294.9204,5.1522,39607,1770974495.945
447,292.0163,2.9042,39522,1770974495.982
448,297.2248,5.2085,39531,1770974496.027
449,296.5066,0.7181,39551,1770974496.066
450,285.7449,10.7617,39603,1770974496.095
451,290.9236,5.1787,39483,1770974496.14
452,296.0374,5.1138,39455,1770974496.185
453,290.2369,5.8005,39579,1770974496.219
454,290.2694,0.0324,39547,1770974496.259
455,291.4340,1.1647,39534,1770974496.3
456,291.9567,0.5226,39507,1770974496.336
457,293.1328,1.1761,39579,1770974496.378
458,283.3385,9.7942,39567,1770974496.408
459,287.6134,4.2748,39519,1770974496.452
460,289.8667,2.2533,39559,1770974496.494
461,284.0703,5.7964,39578,1770974496.528
462,285.2671,1.1969,39514,1770974496.569
463,291.4765,6.2094,39591,1770974496.615
464,295.6529,4.1764,39602,1770974496.659
465,295.8419,0.1891,39514,1770974496.699
466,287.0524,8.7895,39563,1770974496.73
467,290.0548,3.0024,39527,1770974496.773
468,306.2320,16.1772,39642,1770974496.829
469,290.4234,15.8086,39555,1770974496.853
470,289.5944,0.8290,39635,1770974496.892
471,302.7859,13.1915,39623,1770974496.945
472,295.8474,6.9385,39595,1770974496.978
473,297.9274,2.0800,39567,1770974497.021
474,296.1164,1.8110,39543,1770974497.059
475,306.3722,10.2558,39567,1770974497.109
476,308.5420,2.1698,39514,1770974497.151
477,301.6567,6.8853,39467,1770974497.184
478,286.7770,14.8797,39527,1770974497.209
479,287.9364,1.1594,39487,1770974497.25
480,316.9925,29.0561,39599,1770974497.319
481,302.1369,14.8556,39575,1770974497.344
482,286.3166,15.8203,39599,1770974497.363
483,292.5162,6.1996,39615,1770974497.409
484,287.7884,4.7278,39519,1770974497.444
485,305.8660,18.0776,39482,1770974497.503
486,300.9934,4.8726,39543,1770974497.538
487,303.0970,2.1036,39626,1770974497.58
488,295.2297,7.8673,39671,1770974497.612
489,284.3359,10.8938,39447,1770974497.641
490,283.4797,0.8562,39451,1770974497.68
491,296.5567,13.0770,39575,1770974497.733
492,297.7276,1.1709,39515,1770974497.774
493,289.8774,7.8502,39395,1770974497.806
494,283.0768,6.8007,39423,1770974497.839
495,283.1776,0.1009,39531,1770974497.879
496,296.4194,13.2418,39495,1770974497.932
497,291.6353,4.7841,39635,1770974497.967
498,289.8304,1.8048,39535,1770974498.005
499,287.0839,2.7466,39563,1770974498.042
500,284.1692,2.9147,39519,1770974498.079
501,286.3190,2.1498,39518,1770974498.121
502,285.5098,0.8092,39471,1770974498.16
503,297.6489,12.1391,39558,1770974498.212
504,297.8313,0.1824,39567,1770974498.252
505,288.9884,8.8429,39515,1770974498.283
506,296.1779,7.1895,39503,1770974498.33
507,289.6729,6.5050,39455,1770974498.359
508,288.7313,0.9415,39551,1770974498.398
509,298.9144,10.1831,39459,1770974498.448
510,293.0992,5.8153,39474,1770974498.482
511,301.2595,8.1604,39423,1770974498.53
512,295.3362,5.9233,39479,1770974498.564
513,287.4417,7.8945,39587,1770974498.596
514,289.6192,2.1775,39511,1770974498.638
515,299.7668,10.1476,39571,1770974498.688
516,290.9319,8.8348,39463,1770974498.719
517,293.1094,2.1775,39563,1770974498.761
518,288.3115,4.7979,39531,1770974498.796
519,295.5139,7.2024,39511,1770974498.843
520,293.6239,1.8899,39475,1770974498.881
521,301.7678,8.1439,39519,1770974498.929
522,296.9611,4.8068,39478,1770974498.964
523,293.2150,3.7460,39486,1770974499
524,296.3674,3.1524,39511,1770974499.043
525,297.5271,1.1597,39430,1770974499.084
526,290.7300,6.7971,39479,1770974499.117
527,289.8996,0.8304,39495,1770974499.156
528,285.9967,3.9029,39571,1770974499.192
529,289.2029,3.2063,39454,1770974499.235
530,291.4536,2.2507,39471,1770974499.277
531,295.6681,4.2145,39589,1770974499.321
532,290.5040,5.1641,39474,1770974499.352
533,299.6197,9.1157,39491,1770974499.401
534,282.7377,16.8819,39551,1770974499.424
535,290.9007,8.1630,39483,1770974499.472
536,299.0437,8.1429,39435,1770974499.52
537,297.2529,1.7908,39463,1770974499.558
538,297.3742,0.1214,39475,1770974499.599
539,291.5764,5.7979,39527,1770974499.633
540,292.8035,1.2271,39475,1770974499.674
541,284.9720,7.8316,39551,1770974499.706
542,287.2159,2.2440,39554,1770974499.748
543,289.3856,2.1696,39547,1770974499.79
544,289.6395,0.2539,39527,1770974499.83
545,299.9041,10.2646,39622,1770974499.88
546,290.0989,9.8052,39575,1770974499.91
547,290.2327,0.1338,39599,1770974499.95
548,291.3272,1.0946,39475,1770974499.991
549,285.5275,5.7998,39539,1770974500.025
550,283.6828,1.8446,39615,1770974500.063
551,288.8508,5.1680,39547,1770974500.108
552,303.7944,14.9436,39499,1770974500.163
553,299.7377,4.0567,39551,1770974500.199
554,298.8665,0.8712,39535,1770974500.238
555,294.0733,4.7932,39487,1770974500.273
556,292.1736,1.8997,39651,1770974500.311
557,292.7041,0.5305,39575,1770974500.347
558,282.8708,9.8333,39559,1770974500.377
559,283.1016,0.2308,39523,1770974500.417
560,303.3276,20.2260,39567,1770974500.477
561,295.4516,7.8759,39527,1770974500.509
562,293.6950,1.7567,39514,1770974500.547
563,284.7900,8.9049,39522,1770974500.578
564,287.9503,3.1602,39527,1770974500.621
565,296.1733,8.2231,39563,1770974500.669
566,302.3269,6.1536,39494,1770974500.715
567,291.5597,10.7672,39603,1770974500.744
568,297.7772,6.2175,39535,1770974500.79
569,302.0272,4.2500,39462,1770974500.834
570,296.2883,5.7390,39555,1770974500.868
571,289.4089,6.8793,39507,1770974500.901
572,295.5544,6.1455,39479,1770974500.947
573,291.7049,3.8495,39531,1770974500.983
574,296.7644,5.0595,39619,1770974501.028
575,292.9535,3.8109,39567,1770974501.064
576,293.1502,0.1967,39526,1770974501.104
577,291.3430,1.8072,39494,1770974501.142
578,292.5198,1.1768,39555,1770974501.183
579,288.5311,3.9887,39466,1770974501.219
580,290.7448,2.2137,39555,1770974501.261
581,289.9144,0.8304,39535,1770974501.3
582,299.7344,9.8200,39515,1770974501.348
583,298.9717,0.7627,39515,1770974501.387
584,291.1329,7.8387,39546,1770974501.419
585,291.3027,0.1698,39531,1770974501.459
586,291.4324,0.1297,39591,1770974501.499
587,302.5434,11.1110,39627,1770974501.55
588,291.7488,10.7946,39603,1770974501.579
589,301.8286,10.0799,39503,1770974501.629
590,286.0343,15.7943,39571,1770974501.653
591,286.2601,0.2258,39542,1770974501.693
592,297.5047,11.2445,39499,1770974501.744
593,291.7607,5.7440,39571,1770974501.778
594,289.9055,1.8551,39503,1770974501.816
595,301.1003,11.1947,39630,1770974501.867
596,292.2819,8.8184,39583,1770974501.898
597,294.4770,2.1951,39631,1770974501.94
598,288.6961,5.7809,39534,1770974501.974
599,285.8984,2.7976,39547,1770974502.011
600,290.9403,5.0418,39575,1770974502.056
601,285.0385,5.9018,39635,1770974502.09
602,287.1871,2.1486,39574,1770974502.132
603,296.7703,9.5832,39523,1770974502.182
604,291.9531,4.8172,39498,1770974502.219
605,301.0283,9.0752,39535,1770974502.268
606,285.1126,15.9156,39523,1770974502.292
607,285.3048,0.1922,39647,1770974502.332
608,300.6310,15.3263,39618,1770974502.383
609,303.7407,3.1097,39527,1770974502.427
610,303.9429,0.2022,39475,1770974502.467
611,291.1136,12.8293,39595,1770974502.494
612,302.2761,11.1625,39526,1770974502.545
613,286.4339,15.8422,39563,1770974502.569
614,290.5807,4.1468,39407,1770974502.613
615,311.8050,21.2243,39494,1770974502.674
616,288.9955,22.8095,39463,1770974502.691
617,305.1457,16.1502,39563,1770974502.747
618,291.3330,13.8128,39410,1770974502.773
619,298.4116,7.0786,39499,1770974502.82
620,300.6549,2.2433,39403,1770974502.862
621,301.8119,1.1570,39443,1770974502.903
622,297.0214,4.7905,39627,1770974502.938
623,296.2251,0.7963,39482,1770974502.977
624,297.2047,0.9797,39571,1770974503.018
625,295.3293,1.8754,39415,1770974503.056
626,297.4873,2.1579,39531,1770974503.098
627,296.5965,0.8907,39531,1770974503.137
628,293.8092,2.7874,39466,1770974503.174
629,292.9616,0.8476,39559,1770974503.213
630,294.1990,1.2374,39514,1770974503.254
631,289.4330,4.7660,39502,1770974503.289
632,293.4232,3.9902,39587,1770974503.333
633,303.8754,10.4523,39555,1770974503.379
634,291.0681,12.8074,39437,1770974503.406
635,292.3229,1.2548,39539,1770974503.447
636,294.4882,2.1653,39461,1770974503.489
637,288.5389,5.9493,39487,1770974503.523
638,296.7529,8.2140,39547,1770974503.571
639,295.9545,0.7985,39563,1770974503.61
640,288.0542,7.9002,39503,1770974503.642
641,299.2387,11.1845,39619,1770974503.693
642,285.3386,13.9000,39519,1770974503.719
643,285.3949,0.0563,39519,1770974503.759
644,305.5637,20.1688,39475,1770974503.819
645,305.8302,0.2666,39511,1770974503.859
646,287.0846,18.7457,39419,1770974503.88
647,299.2809,12.1963,39446,1770974503.932
648,294.5182,4.7626,39383,1770974503.967
649,290.7248,3.7935,39523,1770974504.003
650,294.9212,4.1964,39447,1770974504.047
651,286.1278,8.7934,39499,1770974504.078
652,286.2878,0.1600,39443,1770974504.118
653,299.1192,12.8314,39427,1770974504.171
654,292.1402,6.9790,39427,1770974504.204
655,294.0996,1.9593,39435,1770974504.246
656,295.2275,1.1280,39467,1770974504.287
657,292.3911,2.8365,39451,1770974504.324
658,293.3185,0.9274,39431,1770974504.36
659,295.5561,2.2376,39554,1770974504.402
660,302.7532,7.1971,39523,1770974504.449
661,301.0178,1.7354,39639,1770974504.487
662,310.2398,9.2220,39479,1770974504.536
663,301.4772,8.7626,39563,1770974504.567
664,300.6544,0.8228,39475,1770974504.606
665,291.7852,8.8692,39438,1770974504.637
666,291.0163,0.7689,39515,1770974504.676
667,285.1942,5.8222,39502,1770974504.71
668,285.3811,0.1869,39538,1770974504.75
669,300.5612,15.1801,39526,1770974504.805
670,296.7393,3.8218,39531,1770974504.841
671,310.9848,14.2455,39435,1770974504.895
672,294.1484,16.8364,39435,1770974504.918
673,292.4623,1.6861,39451,1770974504.956
674,284.6606,7.8018,39479,1770974504.988
675,285.8098,1.1492,39575,1770974505.029
676,295.0544,9.2447,39515,1770974505.078
677,284.2259,10.8285,39543,1770974505.107
678,283.4537,0.7722,39559,1770974505.146
679,288.6431,5.1894,39382,1770974505.191
680,297.6217,8.9786,39463,1770974505.241
681,296.5624,1.0593,39487,1770974505.281
682,296.1283,0.4342,39493,1770974505.321
683,300.8332,4.7050,39483,1770974505.362
684,298.6879,2.1453,39455,1770974505.4
685,290.7178,7.9701,39455,1770974505.432
686,294.9266,4.2088,39407,1770974505.476
687,288.1818,6.7449,39511,1770974505.509
688,291.2948,3.1130,39447,1770974505.552
689,295.4614,4.1666,39395,1770974505.596
690,298.6307,3.1693,39411,1770974505.639
691,290.8835,7.7472,39495,1770974505.671
692,291.1115,0.2279,39335,1770974505.711
693,297.2116,6.1002,39459,1770974505.757
694,299.4235,2.2118,39411,1770974505.799
695,296.5508,2.8727,39483,1770974505.836
696,296.7231,0.1724,39339,1770974505.876
697,297.9345,1.2114,39475,1770974505.917
698,298.0297,0.0951,39559,1770974505.957
699,299.2642,1.2345,39387,1770974505.998
700,297.4300,1.8342,39358,1770974506.036
701,297.6360,0.2060,39474,1770974506.076
702,290.8697,6.7663,39403,1770974506.109
703,289.9621,0.9077,39498,1770974506.148
704,285.1279,4.8342,39455,1770974506.183
705,290.2803,5.1525,39523,1770974506.228
706,282.4404,7.8399,39443,1770974506.26
707,301.6105,19.1700,39451,1770974506.319
708,317.1370,15.5265,39370,1770974506.371
709,302.3269,14.8101,39458,1770974506.396
710,285.4414,16.8855,39407,1770974506.419
711,285.5921,0.1507,39550,1770974506.459
712,289.8240,4.2319,39562,1770974506.503
713,283.9649,5.8591,39579,1770974506.538
714,289.1684,5.2035,39463,1770974506.583
715,282.3398,6.8285,39499,1770974506.616
716,294.5974,12.2576,39475,1770974506.668
717,294.8055,0.2081,39467,1770974506.708
718,288.9814,5.8241,39507,1770974506.742
719,307.1632,18.1818,39543,1770974506.8
720,294.2178,12.9454,39467,1770974506.827
721,294.3974,0.1795,39455,1770974506.867
722,297.6472,3.2499,39442,1770974506.91
723,294.7993,2.8479,39487,1770974506.947
724,293.0329,1.7664,39538,1770974506.985
725,294.2867,1.2538,39491,1770974507.026
726,296.5076,2.2209,39459,1770974507.068
727,293.6547,2.8529,39495,1770974507.105
728,294.7333,1.0786,39479,1770974507.146
729,292.9785,1.7548,39515,1770974507.184
730,286.2215,6.7570,39543,1770974507.217
731,285.3446,0.8769,39483,1770974507.256
732,296.5827,11.2381,39467,1770974507.307
733,292.6431,3.9396,39478,1770974507.339
734,295.7006,3.0575,39411,1770974507.383
735,284.4191,11.2815,39474,1770974507.412
736,289.5756,5.1565,39515,1770974507.457
737,293.7770,4.2014,39422,1770974507.501
738,290.8857,2.8913,39323,1770974507.538
739,284.0819,6.8038,39387,1770974507.571
740,285.3167,1.2348,39371,1770974507.612
741,295.4469,10.1302,39343,1770974507.662
742,300.4873,5.0404,39415,1770974507.707
743,294.4646,6.0227,39431,1770974507.741
744,294.6634,0.1988,39419,1770974507.781
745,288.8727,5.7907,39367,1770974507.815
746,294.9212,6.0484,39302,1770974507.861
747,299.1199,4.1988,39366,1770974507.905
748,302.1963,3.0763,39395,1770974507.948
749,301.4135,0.7827,39299,1770974507.987
750,294.6010,6.8126,39346,1770974508.02
751,293.7422,0.8588,39330,1770974508.059
752,301.9922,8.2500,39306,1770974508.107
753,301.7354,0.2568,39495,1770974508.147
754,291.7485,9.9869,39459,1770974508.178
755,293.9777,2.2292,39387,1770974508.221
756,290.9255,3.0522,39367,1770974508.258
757,288.0917,2.8338,39379,1770974508.295
758,297.7841,9.6924,39458,1770974508.341
759,292.9564,4.8277,39423,1770974508.376
760,304.1224,11.1661,39395,1770974508.427
761,286.1903,17.9322,39415,1770974508.449
762,286.4428,0.2525,39307,1770974508.489
763,288.5478,2.1050,39331,1770974508.531
764,306.5612,18.0135,39327,1770974508.589
765,291.7674,14.7939,39271,1770974508.614
766,292.9046,1.1373,39391,1770974508.655
767,292.8500,0.0546,39354,1770974508.695
768,296.0761,3.2260,39374,1770974508.738
769,294.2145,1.8616,39263,1770974508.776
770,282.2912,11.9233,39347,1770974508.804
771,288.4231,6.1319,39290,1770974508.85
772,297.6131,9.1901,39287,1770974508.899
773,298.8169,1.2038,39271,1770974508.94
774,290.6623,8.1546,39387,1770974508.972
775,296.7844,6.1221,39367,1770974509.018
776,284.9526,11.8318,39299,1770974509.046
777,297.2002,12.2476,39370,1770974509.098
778,304.4491,7.2489,39294,1770974509.145
779,305.4874,1.0383,39347,1770974509.186
780,296.6325,8.8549,39463,1770974509.217
781,288.6229,8.0097,39379,1770974509.249
782,297.8582,9.2354,39313,1770974509.298
783,298.1122,0.2539,39374,1770974509.338
784,284.9951,13.1171,39371,1770974509.36
785,305.1584,20.1633,39359,1770974509.42
786,285.1851,19.9733,39374,1770974509.44
787,286.3564,1.1714,39431,1770974509.481
788,298.4924,12.1360,39403,1770974509.533
789,292.5663,5.9261,39439,1770974509.567
790,301.7383,9.1720,39379,1770974509.616
791,299.8903,1.8480,39415,1770974509.654
792,291.1217,8.7686,39363,1770974509.685
793,286.4516,4.6701,39459,1770974509.72
794,297.6227,11.1711,39431,1770974509.771
795,291.8653,5.7573,39427,1770974509.805
796,295.0516,3.1862,39471,1770974509.848
797,293.2107,1.8408,39443,1770974509.886
798,294.3912,1.1804,39514,1770974509.927
799,295.5055,1.1144,39551,1770974509.968
800,287.6382,7.8673,39607,1770974510
801,285.8737,1.7645,39531,1770974510.038
802,296.0978,10.2241,39571,1770974510.088
803,295.4044,0.6933,39523,1770974510.127
804,293.5638,1.8406,39575,1770974510.165
805,287.7309,5.8329,39602,1770974510.199
806,291.8816,4.1506,39603,1770974510.243
807,296.9863,5.1048,39483,1770974510.288
808,287.2567,9.7296,39587,1770974510.318
809,300.6682,13.4115,39637,1770974510.367
810,292.7649,7.9033,39715,1770974510.4
811,299.9890,7.2241,39638,1770974510.447
812,293.1581,6.8309,39601,1770974510.481
813,290.2243,2.9337,39675,1770974510.518
814,300.1485,9.9242,39655,1770974510.568
815,298.3098,1.8387,39551,1770974510.606
816,299.5355,1.2257,39599,1770974510.647
817,282.6974,16.8381,39563,1770974510.67
818,290.9405,8.2431,39591,1770974510.718
819,290.1185,0.8221,39467,1770974510.757
820,287.3380,2.7804,39449,1770974510.794
821,297.0300,9.6920,39431,1770974510.844
822,288.1825,8.8475,39311,1770974510.875
823,297.3592,9.1767,39379,1770974510.924
824,297.4734,0.1142,39447,1770974510.964
825,289.7089,7.7646,39311,1770974510.996
826,286.7832,2.9256,39483,1770974511.033
827,302.5486,15.7654,39439,1770974511.089
828,298.7127,3.8359,39383,1770974511.125
829,299.8819,1.1692,39438,1770974511.166
830,293.1304,6.7515,39463,1770974511.199
831,294.3003,1.1699,39495,1770974511.24
832,291.3673,2.9330,39411,1770974511.277
833,297.5276,6.1603,39583,1770974511.323
834,298.5539,1.0264,39486,1770974511.359
835,294.7152,3.8388,39691,1770974511.395
836,295.8236,1.1084,39903,1770974511.436
837,293.9641,1.8594,40018,1770974511.474
838,294.1215,0.1574,40055,1770974511.514
839,304.2793,10.1578,39891,1770974511.564
840,294.3866,9.8927,39807,1770974511.594
841,295.5160,1.1294,40002,1770974511.635
842,297.6289,2.1129,40259,1770974511.677
843,285.7761,11.8527,40259,1770974511.705
844,289.9151,4.1389,40394,1770974511.749
845,301.0151,11.1001,40323,1770974511.8
846,299.2470,1.7681,40050,1770974511.838
847,297.3783,1.8687,40043,1770974511.876
848,296.5386,0.8397,39907,1770974511.915
849,295.7139,0.8247,39731,1770974511.954
850,294.8213,0.8926,39647,1770974511.993
851,311.0042,16.1829,39582,1770974512.049
852,309.1176,1.8866,39339,1770974512.087
853,308.2399,0.8776,39374,1770974512.126
854,308.8899,0.6499,39275,1770974512.167
855,287.5776,21.3122,39359,1770974512.187
856,287.8194,0.2418,39251,1770974512.227
857,289.9292,2.1098,39230,1770974512.269
858,291.0967,1.1675,39199,1770974512.31
859,288.7771,2.3196,39274,1770974512.343
860,289.9337,1.1566,39283,1770974512.384
861,303.1363,13.2027,39287,1770974512.437
862,286.3185,16.8178,39159,1770974512.46
863,287.4959,1.1773,39207,1770974512.501
864,302.7132,15.2173,39238,1770974512.556
865,286.8614,15.8517,39211,1770974512.58
866,294.9204,8.0590,39255,1770974512.628
867,286.0243,8.8961,39219,1770974512.659
868,287.1704,1.1461,39235,1770974512.7
869,302.3264,15.1560,39223,1770974512.755
870,293.3366,8.9898,39215,1770974512.786
871,294.4813,1.1446,39215,1770974512.827
872,306.6432,12.1620,39203,1770974512.879
873,293.8337,12.8095,39203,1770974512.906
874,302.1123,8.2786,39191,1770974512.954
875,286.3128,15.7995,39283,1770974512.978
876,288.4791,2.1663,39202,1770974513.02
877,291.6999,3.2208,39187,1770974513.063
878,300.8871,9.1872,39198,1770974513.112
879,293.8154,7.0717,39287,1770974513.145
880,287.8535,5.9619,39131,1770974513.179
881,303.0541,15.2006,39226,1770974513.234
882,304.3504,1.2963,39191,1770974513.275
883,293.3986,10.9518,39159,1770974513.304
884,285.0711,8.3275,39214,1770974513.331
885,288.0177,2.9466,39223,1770974513.374
886,298.1999,10.1821,39255,1770974513.424
887,284.4555,13.7444,39235,1770974513.45
888,293.6010,9.1455,39210,1770974513.499
889,293.7016,0.1006,39203,1770974513.539
890,290.7405,2.9612,39307,1770974513.576
891,290.9412,0.2007,39211,1770974513.616
892,298.1603,7.2191,39167,1770974513.663
893,290.2076,7.9527,39231,1770974513.695
894,295.3801,5.1725,39254,1770974513.74
895,283.6275,11.7526,39235,1770974513.768
896,290.7627,7.1352,39255,1770974513.815
897,294.0297,3.2670,39243,1770974513.858
898,295.2583,1.2286,39283,1770974513.899
899,301.4741,6.2158,39270,1770974513.945
900,301.6155,0.1414,39279,1770974513.985
901,289.8798,11.7357,39207,1770974514.013
902,289.1290,0.7508,39282,1770974514.052
903,304.3320,15.2030,39267,1770974514.107
904,303.5004,0.8316,39367,1770974514.146
905,293.5534,9.9471,39263,1770974514.176
906,286.5574,6.9959,39247,1770974514.209
907,289.7146,3.1571,39279,1770974514.252
908,309.8545,20.1399,39287,1770974514.312
909,300.1142,9.7404,39302,1770974514.342
910,295.3587,4.7555,39315,1770974514.372
911,307.5550,12.1963,39275,1770974514.424
912,288.8172,18.7378,39291,1770974514.445
913,293.9613,5.1441,39295,1770974514.49
914,285.1765,8.7848,39279,1770974514.521
915,287.3316,2.1551,39303,1770974514.563
916,298.5094,11.1778,39403,1770974514.614
917,292.7155,5.7938,39339,1770974514.648
918,291.8408,0.8748,39319,1770974514.687
919,299.9725,8.1317,39211,1770974514.735
920,287.0955,12.8770,39303,1770974514.762
921,291.2741,4.1785,39326,1770974514.806
922,282.3074,8.9667,39323,1770974514.837
923,288.4412,6.1338,39351,1770974514.883
924,297.7023,9.2611,39243,1770974514.932
925,289.9621,7.7403,39326,1770974514.964
926,292.1700,2.2080,39206,1770974515.006
927,300.3657,8.1956,39307,1770974515.054
928,289.4971,10.8685,39247,1770974515.083
929,289.6469,0.1497,39314,1770974515.123
930,285.8160,3.8309,39166,1770974515.159
931,290.9777,5.1618,39279,1770974515.204
932,289.1333,1.8444,39279,1770974515.242
933,290.0920,0.9587,39366,1770974515.283
934,282.1677,7.9243,39299,1770974515.315
935,285.9738,3.8061,39263,1770974515.355
936,292.7318,6.7580,39327,1770974515.403
937,291.6985,1.0333,39263,1770974515.443
938,291.7209,0.0224,39215,1770974515.483
939,290.9112,0.8097,39298,1770974515.522
940,287.0779,3.8333,39295,1770974515.558
941,298.1069,11.0290,39186,1770974515.609
942,290.3168,7.7901,39283,1770974515.641
943,291.5430,1.2262,39294,1770974515.682
944,295.7957,4.2527,39323,1770974515.726
945,296.9441,1.1485,39343,1770974515.767
946,295.9239,1.0202,39330,1770974515.806
947,294.1015,1.8225,39271,1770974515.844
948,295.3041,1.2026,39346,1770974515.885
949,293.3853,1.9188,39342,1770974515.923
950,285.5222,7.8630,39323,1770974515.955
951,287.5926,2.0704,39295,1770974515.997
952,305.8283,18.2357,39299,1770974516.055
953,300.0317,5.7967,39311,1770974516.089
954,290.1833,9.8484,39303,1770974516.119
955,296.0379,5.8546,39333,1770974516.165
956,285.1391,10.8988,39334,1770974516.194
957,285.4095,0.2704,39207,1770974516.234
958,293.6847,8.2753,39299,1770974516.282
959,294.7900,1.1053,39350,1770974516.323
960,287.7371,7.0529,39362,1770974516.352
961,288.8019,1.0648,39366,1770974516.393
962,297.9865,9.1846,39323,1770974516.442
963,290.1249,7.8616,39283,1770974516.474
964,298.1553,8.0304,39391,1770974516.522
965,292.3183,5.8370,39327,1770974516.556
966,297.4443,5.1260,39295,1770974516.601
967,282.5797,14.8647,39331,1770974516.626
968,286.7491,4.1695,39286,1770974516.67
969,288.8095,2.0604,39343,1770974516.712
970,302.9339,14.1244,39223,1770974516.766
971,296.1211,6.8128,39258,1770974516.799
972,301.3403,5.2192,39363,1770974516.844
973,298.5423,2.7981,39295,1770974516.881
974,304.7450,6.2027,39291,1770974516.927
975,290.9994,13.7455,39287,1770974516.953
976,293.0951,2.0957,39311,1770974516.995
977,285.2972,7.7980,39303,1770974517.027
978,291.5201,6.2230,39282,1770974517.073
979,300.7402,9.2201,39243,1770974517.122
980,299.9878,0.7524,39231,1770974517.161
981,303.2587,3.2709,39259,1770974517.204
982,304.4727,1.2140,39283,1770974517.245
983,304.6260,0.1533,39271,1770974517.285
984,295.6376,8.9884,39291,1770974517.316
985,285.7885,9.8491,39195,1770974517.341
986,289.8562,4.0677,39319,1770974517.385
987,311.8038,21.9476,39351,1770974517.448
988,288.9664,22.8374,39327,1770974517.465
989,288.1379,0.8285,39269,1770974517.504
990,301.0836,12.9457,39223,1770974517.557
991,297.1468,3.9368,39255,1770974517.593
992,296.1597,0.9871,39239,1770974517.632
993,284.3721,11.7877,39306,1770974517.66
994,287.4389,3.0668,39203,1770974517.703
995,295.6648,8.2259,39247,1770974517.751
996,305.0733,9.4085,39250,1770974517.801
997,290.1576,14.9157,39279,1770974517.826
998,296.2863,6.1288,39323,1770974517.872
999,289.3913,6.8951,39339,1770974517.905
1000,287.5562,1.8351,39315,1770974517.943
1001,285.7463,1.8098,39304,1770974517.981
1002,285.9120,0.1657,39299,1770974518.021
1003,287.1540,1.2419,39356,1770974518.062
1004,304.4090,17.2551,39375,1770974518.119
1005,287.6186,16.7904,39340,1770974518.142
1006,288.7957,1.1771,39340,1770974518.183
1007,295.9423,7.1466,39460,1770974518.23
1008,288.1119,7.8304,39384,1770974518.262
1009,296.2084,8.0965,39344,1770974518.31
1010,286.6380,9.5704,39386,1770974518.336
1011,290.8447,4.2067,39416,1770974518.38
1012,290.6642,0.1805,39320,1770974518.421
1013,286.8335,3.8307,39348,1770974518.457
1014,289.9942,3.1607,39320,1770974518.5
1015,310.0445,20.0503,39272,1770974518.56
1016,306.1693,3.8753,39308,1770974518.596
1017,291.1289,15.0404,39428,1770974518.621
