seq,rtt_ms,inter_arrival_ms,timestamp
0,55.120,0.000,1770976222.202626
1,63.683,67.599,1770976222.270225
2,57.180,60.708,1770976222.330933
3,58.175,60.194,1770976222.391127
4,53.361,55.749,1770976222.446877
5,56.311,58.405,1770976222.505281
6,54.544,56.865,1770976222.562147
7,54.740,57.059,1770976222.619205
8,57.775,60.075,1770976222.679280
9,50.576,52.978,1770976222.732258
10,56.534,58.877,1770976222.791134
11,52.691,54.761,1770976222.845896
12,55.557,57.371,1770976222.903267
13,53.560,55.962,1770976222.959228
14,49.740,52.175,1770976223.011403
15,56.980,59.317,1770976223.070720
16,53.445,55.180,1770976223.125900
17,54.476,56.310,1770976223.182210
18,54.727,56.993,1770976223.239203
19,58.609,60.963,1770976223.300167
20,57.721,59.988,1770976223.360155
21,52.716,55.065,1770976223.415220
22,56.721,59.016,1770976223.474236
23,58.700,60.921,1770976223.535158
24,52.816,55.098,1770976223.590256
25,53.385,55.669,1770976223.645925
26,54.039,55.973,1770976223.701898
27,55.361,57.174,1770976223.759072
28,53.031,55.078,1770976223.814149
29,59.649,62.024,1770976223.876174
30,57.795,60.081,1770976223.936255
31,75.626,77.957,1770976224.014212
32,52.512,55.998,1770976224.070210
33,49.650,51.992,1770976224.122202
34,53.807,56.098,1770976224.178299
35,53.168,55.799,1770976224.234099
36,54.926,56.915,1770976224.291014
37,69.256,71.158,1770976224.362172
38,54.608,58.039,1770976224.420211
39,57.728,60.052,1770976224.480264
40,53.769,58.998,1770976224.539262
41,54.716,62.948,1770976224.602210
42,56.931,65.010,1770976224.667220
43,55.616,63.926,1770976224.731146
44,56.523,59.216,1770976224.790363
45,49.563,52.728,1770976224.843091
46,48.695,50.787,1770976224.893878
47,54.272,56.128,1770976224.950006
48,51.002,53.012,1770976225.003018
49,70.203,72.224,1770976225.075242
50,55.418,58.947,1770976225.134189
51,53.370,56.020,1770976225.190209
52,49.656,51.968,1770976225.242178
53,75.776,78.037,1770976225.320215
54,58.470,61.987,1770976225.382202
55,57.581,59.794,1770976225.441995
56,71.216,72.989,1770976225.514984
57,77.135,80.270,1770976225.595254
58,72.358,75.761,1770976225.671016
59,52.829,56.141,1770976225.727157
60,58.746,61.033,1770976225.788190
61,56.708,59.013,1770976225.847202
62,65.593,67.926,1770976225.915128
63,56.638,60.001,1770976225.975129
64,49.189,51.237,1770976226.026366
65,54.285,56.537,1770976226.082903
66,69.141,71.073,1770976226.153976
67,52.928,56.120,1770976226.210097
68,54.085,56.183,1770976226.266280
69,49.711,51.957,1770976226.318237
70,74.910,76.995,1770976226.395232
71,52.532,55.972,1770976226.451204
72,58.886,61.002,1770976226.512206
73,55.803,57.964,1770976226.570169
74,61.535,63.782,1770976226.633951
75,78.215,81.082,1770976226.715033
76,55.513,58.972,1770976226.774005
77,52.157,54.194,1770976226.828199
78,56.735,59.050,1770976226.887249
79,64.777,67.001,1770976226.954250
80,78.434,81.944,1770976227.036194
81,63.245,66.964,1770976227.103158
82,55.544,59.033,1770976227.162191
83,53.442,55.703,1770976227.217894
84,62.022,63.992,1770976227.281886
85,53.104,56.119,1770976227.338005
86,55.140,57.175,1770976227.395180
87,53.809,56.003,1770976227.451183
88,57.711,60.018,1770976227.511201
89,57.845,60.012,1770976227.571213
90,57.767,59.972,1770976227.631185
91,53.893,56.092,1770976227.687277
92,57.694,60.017,1770976227.747294
93,58.770,60.966,1770976227.808260
94,57.904,59.816,1770976227.868076
95,58.984,60.950,1770976227.929027
96,55.203,57.203,1770976227.986230
97,53.731,55.994,1770976228.042224
98,70.734,72.965,1770976228.115189
99,56.522,60.002,1770976228.175191
100,54.763,57.030,1770976228.232220
101,55.736,58.004,1770976228.290225
102,53.824,55.984,1770976228.346209
103,55.473,57.734,1770976228.403943
104,57.168,59.160,1770976228.463103
105,54.113,56.193,1770976228.519295
106,52.576,54.844,1770976228.574139
107,53.848,56.091,1770976228.630230
108,69.884,72.270,1770976228.702501
109,56.208,59.708,1770976228.762208
110,53.820,56.036,1770976228.818245
111,53.296,55.768,1770976228.874013
112,51.119,53.239,1770976228.927252
113,56.313,58.708,1770976228.985960
114,55.062,57.130,1770976229.043090
115,53.276,55.256,1770976229.098346
116,54.524,56.824,1770976229.155169
117,53.057,55.127,1770976229.210297
118,58.599,60.927,1770976229.271224
119,53.019,55.138,1770976229.326363
120,53.738,55.926,1770976229.382288
121,53.843,55.976,1770976229.438264
122,53.741,55.964,1770976229.494228
123,54.639,56.805,1770976229.551033
124,55.087,57.001,1770976229.608034
125,58.164,60.053,1770976229.668087
126,61.179,63.092,1770976229.731179
127,56.613,60.026,1770976229.791205
128,48.799,51.000,1770976229.842206
129,54.672,57.001,1770976229.899207
130,53.757,55.957,1770976229.955163
131,57.736,60.074,1770976230.015237
132,53.869,56.104,1770976230.071341
133,52.307,54.656,1770976230.125998
134,54.263,56.050,1770976230.182047
135,53.888,56.014,1770976230.238061
136,55.049,56.972,1770976230.295034
137,54.297,56.201,1770976230.351235
138,58.679,60.968,1770976230.412203
139,67.780,70.037,1770976230.482240
140,52.548,56.046,1770976230.538285
141,70.470,72.962,1770976230.611247
142,56.354,59.843,1770976230.671090
143,53.933,55.922,1770976230.727012
144,54.214,56.068,1770976230.783080
145,53.262,55.228,1770976230.838308
146,54.274,56.715,1770976230.895022
147,54.139,56.171,1770976230.951194
148,57.757,60.025,1770976231.011219
149,70.044,72.251,1770976231.083469
150,55.216,58.847,1770976231.142316
151,54.898,57.091,1770976231.199408
152,56.632,58.888,1770976231.258295
153,55.429,57.689,1770976231.315984
154,57.190,59.021,1770976231.375005
155,52.337,54.397,1770976231.429403
156,51.715,53.934,1770976231.483336
157,53.585,55.970,1770976231.539306
158,53.655,55.982,1770976231.595289
159,48.676,51.008,1770976231.646297
160,57.631,59.860,1770976231.706156
161,59.126,61.113,1770976231.767270
162,57.719,59.942,1770976231.827212
163,57.407,59.806,1770976231.887018
164,58.138,60.023,1770976231.947041
165,58.176,60.209,1770976232.007250
166,57.953,60.052,1770976232.067302
167,53.773,55.996,1770976232.123298
168,53.802,55.946,1770976232.179245
169,56.822,59.004,1770976232.238248
170,49.840,51.956,1770976232.290205
171,53.583,56.044,1770976232.346248
172,58.639,60.997,1770976232.407245
173,56.453,58.701,1770976232.465946
174,70.730,72.441,1770976232.538387
175,53.437,56.921,1770976232.595308
176,56.733,58.969,1770976232.654278
177,53.906,56.076,1770976232.710353
178,54.549,56.875,1770976232.767229
179,58.890,61.032,1770976232.828260
180,56.874,59.071,1770976232.887332
181,56.802,58.961,1770976232.946293
182,53.464,55.727,1770976233.002020
183,54.074,55.924,1770976233.057944
184,54.559,56.280,1770976233.114224
185,54.852,57.053,1770976233.171277
186,56.791,58.964,1770976233.230241
187,54.917,57.117,1770976233.287358
188,52.738,54.877,1770976233.342235
189,55.907,58.088,1770976233.400322
190,56.792,58.990,1770976233.459312
191,71.792,73.942,1770976233.533254
192,53.573,56.854,1770976233.590108
193,54.236,55.991,1770976233.646098
194,57.057,59.095,1770976233.705193
195,55.066,57.257,1770976233.762450
196,53.707,55.805,1770976233.818255
197,57.806,60.035,1770976233.878290
198,53.860,55.965,1770976233.934255
199,54.757,57.003,1770976233.991258
200,56.779,58.996,1770976234.050255
201,55.619,58.024,1770976234.108279
202,57.590,59.839,1770976234.168118
203,53.237,55.022,1770976234.223140
204,53.925,55.892,1770976234.279032
205,55.449,57.330,1770976234.336362
206,56.697,58.912,1770976234.395274
207,62.950,65.050,1770976234.460325
208,51.630,54.941,1770976234.515266
209,52.975,55.040,1770976234.570306
210,53.712,55.983,1770976234.626289
211,53.704,55.761,1770976234.682050
212,55.104,56.950,1770976234.739000
213,54.297,55.992,1770976234.794992
214,53.364,55.155,1770976234.850147
215,55.368,57.176,1770976234.907322
216,56.823,58.964,1770976234.966286
217,53.889,56.015,1770976235.022301
218,54.726,57.003,1770976235.079304
219,53.878,55.998,1770976235.135302
220,62.846,65.010,1770976235.200312
221,54.754,57.984,1770976235.258296
222,54.494,56.715,1770976235.315010
223,53.310,55.072,1770976235.370082
224,52.253,54.032,1770976235.424114
225,57.181,59.171,1770976235.483285
226,63.711,65.981,1770976235.549267
227,53.689,57.016,1770976235.606282
228,55.856,58.169,1770976235.664451
229,56.634,58.852,1770976235.723303
230,48.714,50.991,1770976235.774294
231,58.651,60.793,1770976235.835087
232,56.773,58.975,1770976235.894062
233,54.212,56.101,1770976235.950162
234,54.225,56.193,1770976236.006356
235,55.729,57.972,1770976236.064328
236,57.719,59.956,1770976236.124284
237,56.793,59.019,1770976236.183303
238,48.819,50.972,1770976236.234275
239,54.826,57.012,1770976236.291286
240,52.913,55.102,1770976236.346389
241,54.799,56.945,1770976236.403334
242,55.754,57.954,1770976236.461287
243,54.616,56.755,1770976236.518042
244,54.214,56.024,1770976236.574066
245,54.284,56.251,1770976236.630317
246,53.760,56.072,1770976236.686389
247,53.660,55.946,1770976236.742336
248,53.743,55.949,1770976236.798285
249,53.758,56.031,1770976236.854316
250,56.732,58.939,1770976236.913255
251,57.028,59.143,1770976236.972398
252,57.743,59.932,1770976237.032330
253,51.512,53.748,1770976237.086078
254,75.164,77.041,1770976237.163119
255,58.155,61.177,1770976237.224296
256,57.808,60.035,1770976237.284330
257,55.629,57.985,1770976237.342315
258,54.826,57.043,1770976237.399358
259,53.814,55.964,1770976237.455322
260,52.812,54.979,1770976237.510301
261,54.814,57.069,1770976237.567370
262,56.491,58.922,1770976237.626292
263,55.299,57.716,1770976237.684008
264,52.372,54.058,1770976237.738065
265,54.287,56.326,1770976237.794392
266,53.859,56.012,1770976237.850403
267,54.152,56.566,1770976237.906970
268,58.600,60.436,1770976237.967406
269,59.500,61.921,1770976238.029326
270,54.839,57.087,1770976238.086414
271,63.560,65.947,1770976238.152360
272,52.645,55.974,1770976238.208335
273,57.681,59.775,1770976238.268110
274,57.445,59.238,1770976238.327348
275,54.658,57.002,1770976238.384350
276,57.615,59.977,1770976238.444327
277,67.712,69.980,1770976238.514307
278,57.579,61.002,1770976238.575308
279,56.635,58.967,1770976238.634276
280,50.594,52.854,1770976238.687129
281,55.169,57.210,1770976238.744339
282,57.387,59.690,1770976238.804029
283,57.162,59.150,1770976238.863179
284,53.364,55.155,1770976238.918334
285,53.731,55.975,1770976238.974310
286,57.741,60.004,1770976239.034314
287,54.446,56.691,1770976239.091005
288,57.151,59.391,1770976239.150395
289,53.712,55.983,1770976239.206378
290,56.732,58.940,1770976239.265318
291,55.947,58.006,1770976239.323324
292,58.383,60.853,1770976239.384177
293,57.231,58.958,1770976239.443135
294,54.167,56.129,1770976239.499264
295,53.962,56.068,1770976239.555331
296,58.741,61.034,1770976239.616366
297,51.494,53.770,1770976239.670135
298,54.059,56.105,1770976239.726240
299,54.937,57.084,1770976239.783324
300,57.699,60.040,1770976239.843365
301,57.683,59.951,1770976239.903316
302,57.398,59.754,1770976239.963070
303,59.350,61.131,1770976240.024200
304,57.118,59.068,1770976240.083268
305,52.969,55.073,1770976240.138341
306,53.687,56.002,1770976240.194343
307,54.710,57.005,1770976240.251348
308,52.550,55.026,1770976240.306373
309,54.996,57.114,1770976240.363488
310,52.269,54.823,1770976240.418311
311,54.941,57.264,1770976240.475574
312,57.081,59.507,1770976240.535081
313,59.178,61.008,1770976240.596089
314,56.114,58.082,1770976240.654171
315,55.338,57.314,1770976240.711485
316,53.605,55.838,1770976240.767323
317,53.841,56.023,1770976240.823347
318,56.626,58.829,1770976240.882176
319,53.130,55.173,1770976240.937349
320,51.033,53.262,1770976240.990612
321,58.487,60.781,1770976241.051392
322,52.233,54.674,1770976241.106066
323,54.143,56.047,1770976241.162113
324,50.217,52.022,1770976241.214135
325,54.123,56.193,1770976241.270328
326,54.652,57.013,1770976241.327341
327,53.683,55.976,1770976241.383317
328,57.724,60.022,1770976241.443338
329,49.698,51.988,1770976241.495327
330,53.654,55.990,1770976241.551316
331,57.762,60.035,1770976241.611352
332,57.419,59.766,1770976241.671118
333,53.011,54.976,1770976241.726094
334,50.203,52.063,1770976241.778157
335,53.981,56.241,1770976241.834398
336,54.647,56.946,1770976241.891343
337,53.834,56.080,1770976241.947423
338,52.748,55.031,1770976242.002455
339,53.657,55.926,1770976242.058380
340,55.657,57.955,1770976242.116336
341,55.765,58.082,1770976242.174418
342,50.745,52.986,1770976242.227404
343,53.365,55.675,1770976242.283079
344,53.238,55.131,1770976242.338210
345,54.008,56.006,1770976242.394216
346,55.024,57.116,1770976242.451332
347,53.625,56.015,1770976242.507347
348,57.731,60.050,1770976242.567398
349,56.707,59.076,1770976242.626474
350,53.440,55.644,1770976242.682117
351,54.308,56.282,1770976242.738399
352,54.676,60.017,1770976242.798416
353,53.443,55.704,1770976242.854120
354,55.116,57.060,1770976242.911181
355,53.032,55.045,1770976242.966226
356,53.998,56.157,1770976243.022382
357,53.784,56.030,1770976243.078413
358,53.597,55.936,1770976243.134349
359,54.765,57.061,1770976243.191410
360,58.681,60.972,1770976243.252383
361,56.749,59.048,1770976243.311430
362,56.615,58.906,1770976243.370337
363,49.534,51.860,1770976243.422196
364,59.105,60.885,1770976243.483082
365,56.338,58.329,1770976243.541410
366,56.594,58.902,1770976243.600312
367,48.881,51.200,1770976243.651512
368,50.589,52.941,1770976243.704453
369,53.516,55.977,1770976243.760430
370,52.646,54.933,1770976243.815363
371,56.793,59.099,1770976243.874462
372,54.548,56.887,1770976243.931350
373,63.407,65.748,1770976243.997097
374,54.053,57.058,1770976244.054155
375,59.213,61.007,1770976244.115163
376,54.188,56.248,1770976244.171411
377,52.775,55.018,1770976244.226429
378,57.738,59.975,1770976244.286404
379,54.744,56.993,1770976244.343397
380,52.712,54.977,1770976244.398374
381,53.817,56.053,1770976244.454426
382,55.406,57.946,1770976244.512372
383,56.395,58.674,1770976244.571047
384,58.285,60.134,1770976244.631181
385,57.946,59.992,1770976244.691173
386,58.161,60.229,1770976244.751401
387,57.674,60.039,1770976244.811440
388,52.667,54.917,1770976244.866358
389,53.642,56.007,1770976244.922365
390,49.825,52.108,1770976244.974472
391,57.551,59.899,1770976245.034371
392,57.725,60.052,1770976245.094423
393,63.406,65.714,1770976245.160137
394,51.738,55.027,1770976245.215164
395,53.027,55.063,1770976245.270227
396,54.097,56.111,1770976245.326339
397,53.686,56.069,1770976245.382408
398,57.751,59.980,1770976245.442388
399,53.720,56.016,1770976245.498404
400,58.692,61.021,1770976245.559425
401,56.729,58.969,1770976245.618394
402,54.523,56.753,1770976245.675147
403,52.924,54.944,1770976245.730091
404,54.253,56.022,1770976245.786113
405,54.219,56.063,1770976245.842176
406,56.121,58.258,1770976245.900434
407,56.723,59.000,1770976245.959435
408,59.644,61.959,1770976246.021394
409,56.460,58.950,1770976246.080344
410,59.671,62.000,1770976246.142344
411,50.748,53.109,1770976246.195454
412,52.343,54.933,1770976246.250386
413,53.428,55.749,1770976246.306136
414,54.257,56.067,1770976246.362202
415,71.329,73.255,1770976246.435458
416,55.344,58.937,1770976246.494395
417,53.738,55.984,1770976246.550379
418,53.808,55.999,1770976246.606377
419,54.730,57.075,1770976246.663452
420,54.846,56.967,1770976246.720419
421,56.689,58.972,1770976246.779392
422,54.654,56.815,1770976246.836206
423,55.844,58.008,1770976246.894214
424,55.220,56.930,1770976246.951144
425,53.177,55.084,1770976247.006228
426,52.258,54.144,1770976247.060372
427,57.742,60.016,1770976247.120388
428,57.828,60.010,1770976247.180398
429,51.659,54.000,1770976247.234398
430,55.746,57.983,1770976247.292381
431,49.646,52.027,1770976247.344409
432,57.574,59.978,1770976247.404387
433,55.787,58.000,1770976247.462387
434,54.020,56.712,1770976247.519099
435,58.701,60.415,1770976247.579513
436,53.555,55.843,1770976247.635356
437,53.810,56.077,1770976247.691434
438,56.564,58.941,1770976247.750375
439,54.955,57.193,1770976247.807567
440,57.664,59.847,1770976247.867414
441,57.809,60.016,1770976247.927430
442,57.298,59.905,1770976247.987335
443,56.527,58.807,1770976248.046143
444,57.811,60.046,1770976248.106189
445,53.892,56.011,1770976248.162199
446,50.183,52.239,1770976248.214438
447,49.596,51.971,1770976248.266410
448,54.857,57.057,1770976248.323467
449,52.696,54.997,1770976248.378463
450,53.671,55.915,1770976248.434378
451,58.668,61.009,1770976248.495388
452,58.322,60.546,1770976248.555933
453,57.210,59.453,1770976248.615386
454,57.492,59.791,1770976248.675177
455,53.102,55.041,1770976248.730218
456,55.228,57.176,1770976248.787394
457,53.663,55.972,1770976248.843366
458,59.953,61.992,1770976248.905357
459,53.754,57.014,1770976248.962372
460,53.741,55.978,1770976249.018350
461,53.798,56.064,1770976249.074414
462,53.761,55.976,1770976249.130390
463,53.839,56.074,1770976249.186464
464,59.500,61.702,1770976249.248166
465,48.572,50.339,1770976249.298505
466,50.762,52.939,1770976249.351443
467,52.915,55.009,1770976249.406452
468,53.761,55.987,1770976249.462440
469,53.809,55.950,1770976249.518390
470,58.760,61.025,1770976249.579415
471,58.887,61.041,1770976249.640455
472,56.764,59.053,1770976249.699508
473,58.577,60.912,1770976249.760420
474,55.631,57.790,1770976249.818210
475,55.100,57.009,1770976249.875219
476,54.188,56.161,1770976249.931380
477,60.806,63.097,1770976249.994477
478,48.488,51.942,1770976250.046418
479,54.603,56.999,1770976250.103418
480,56.890,59.016,1770976250.162434
481,49.526,52.014,1770976250.214448
482,49.663,52.001,1770976250.266449
483,57.483,59.973,1770976250.326423
484,50.539,52.737,1770976250.379160
485,57.080,59.140,1770976250.438300
486,55.182,57.119,1770976250.495419
487,53.671,55.965,1770976250.551384
488,52.909,55.102,1770976250.606486
489,53.533,55.971,1770976250.662457
490,54.660,56.969,1770976250.719427
491,58.568,61.030,1770976250.780457
492,56.722,58.987,1770976250.839444
493,58.670,60.976,1770976250.900420
494,56.389,58.679,1770976250.959099
495,53.064,55.108,1770976251.014207
496,54.176,56.191,1770976251.070398
497,267.726,270.136,1770976251.340534
498,55.141,58.891,1770976251.399425
499,62.864,65.115,1770976251.464540
500,53.928,57.528,1770976251.522067
501,58.249,60.099,1770976251.582166
502,50.017,52.045,1770976251.634211
503,55.818,58.215,1770976251.692425
504,56.002,58.433,1770976251.750858
505,58.151,60.536,1770976251.811394
506,53.583,55.995,1770976251.867388
507,52.799,55.035,1770976251.922423
508,58.576,60.983,1770976251.983406
509,52.596,55.037,1770976252.038443
510,63.365,65.712,1770976252.104155
511,54.900,57.968,1770976252.162123
512,59.467,61.428,1770976252.223551
513,58.456,60.911,1770976252.284461
514,56.736,59.054,1770976252.343515
515,52.703,54.896,1770976252.398412
516,53.699,56.072,1770976252.454483
517,53.650,55.970,1770976252.510454
518,58.574,60.981,1770976252.571434
519,52.655,54.976,1770976252.626410
520,65.483,67.862,1770976252.694273
521,53.226,56.327,1770976252.750600
522,53.169,55.827,1770976252.806426
523,54.371,56.843,1770976252.863269
524,55.210,57.307,1770976252.920576
525,55.702,57.988,1770976252.978564
526,56.808,59.107,1770976253.037670
527,59.508,61.858,1770976253.099529
528,52.674,54.953,1770976253.154482
529,61.912,64.129,1770976253.218611
530,55.987,59.619,1770976253.278230
531,53.889,56.000,1770976253.334230
532,53.838,56.252,1770976253.390481
533,63.847,66.168,1770976253.456649
534,58.298,61.816,1770976253.518465
535,54.719,56.991,1770976253.575456
536,52.643,55.018,1770976253.630473
537,54.844,57.058,1770976253.687531
538,59.586,61.911,1770976253.749442
539,66.586,69.008,1770976253.818451
540,58.374,60.767,1770976253.879218
541,55.143,57.069,1770976253.936287
542,57.143,59.230,1770976253.995517
543,52.532,54.940,1770976254.050457
544,54.832,57.043,1770976254.107501
545,52.569,54.918,1770976254.162419
546,53.076,55.356,1770976254.217774
547,60.354,62.697,1770976254.280472
548,54.500,57.976,1770976254.338448
549,53.673,56.017,1770976254.394465
550,53.515,55.763,1770976254.450228
551,61.169,63.127,1770976254.513355
552,50.862,54.147,1770976254.567502
553,56.590,58.890,1770976254.626392
554,54.958,57.205,1770976254.683598
555,56.652,58.915,1770976254.742512
556,57.338,59.916,1770976254.802428
557,57.889,60.022,1770976254.862450
558,57.770,60.055,1770976254.922505
559,54.747,56.920,1770976254.979425
560,57.208,59.512,1770976255.038936
561,59.663,61.482,1770976255.100418
562,55.804,58.136,1770976255.158555
563,61.611,63.935,1770976255.222490
564,62.443,65.974,1770976255.288464
565,54.445,58.041,1770976255.346505
566,64.639,66.978,1770976255.413483
567,53.350,56.933,1770976255.470416
568,65.859,68.075,1770976255.538491
569,53.482,57.036,1770976255.595528
570,57.792,59.727,1770976255.655255
571,53.020,55.078,1770976255.710332
572,55.069,57.174,1770976255.767507
573,52.791,55.043,1770976255.822549
574,53.400,55.704,1770976255.878253
575,56.167,58.291,1770976255.936545
576,55.599,58.026,1770976255.994570
577,57.574,59.950,1770976256.054520
578,53.518,55.913,1770976256.110433
579,54.523,56.877,1770976256.167310
580,53.032,55.009,1770976256.222320
581,53.860,56.025,1770976256.278345
582,56.932,59.160,1770976256.337504
583,61.681,64.061,1770976256.401566
584,50.375,53.934,1770976256.455499
585,56.633,58.948,1770976256.514448
586,49.412,51.987,1770976256.566435
587,53.762,56.023,1770976256.622458
588,53.391,55.876,1770976256.678334
589,51.800,53.971,1770976256.732305
590,52.849,54.981,1770976256.787286
591,58.987,60.893,1770976256.848179
592,57.122,59.280,1770976256.907459
593,57.948,60.222,1770976256.967681
594,64.408,66.789,1770976257.034470
595,52.511,56.099,1770976257.090570
596,54.599,56.970,1770976257.147539
597,57.726,60.021,1770976257.207560
598,58.939,61.245,1770976257.268806
599,56.305,58.680,1770976257.327486
600,57.630,59.767,1770976257.387253
601,59.168,61.002,1770976257.448255
602,53.193,55.233,1770976257.503487
603,56.744,59.018,1770976257.562505
604,57.625,59.923,1770976257.622429
605,55.562,57.831,1770976257.680259
606,52.393,54.296,1770976257.734555
607,54.650,56.893,1770976257.791448
608,63.818,66.106,1770976257.857554
609,55.043,58.671,1770976257.916225
610,52.982,55.016,1770976257.971241
611,54.184,56.016,1770976258.027257
612,53.224,55.238,1770976258.082495
613,54.695,57.083,1770976258.139578
614,56.472,58.849,1770976258.198427
615,55.670,58.027,1770976258.256454
616,51.660,54.068,1770976258.310523
617,56.677,58.951,1770976258.369474
618,51.641,54.060,1770976258.423534
619,50.879,53.037,1770976258.476572
620,55.488,57.721,1770976258.534293
621,55.231,57.022,1770976258.591315
622,58.123,60.262,1770976258.651577
623,56.372,58.996,1770976258.710573
624,53.482,55.928,1770976258.766501
625,59.689,61.976,1770976258.828478
626,55.521,59.043,1770976258.887521
627,63.913,65.967,1770976258.953488
628,60.523,64.005,1770976259.017493
629,55.308,58.785,1770976259.076278
630,60.163,62.073,1770976259.138350
631,52.585,55.918,1770976259.194268
632,54.293,56.321,1770976259.250589
633,53.432,55.867,1770976259.306456
634,53.858,56.097,1770976259.362553
635,52.675,54.927,1770976259.417480
636,55.826,58.025,1770976259.475504
637,63.727,66.035,1770976259.541540
638,54.548,57.923,1770976259.599463
639,54.649,56.889,1770976259.656352
640,58.072,59.961,1770976259.716313
641,53.192,54.977,1770976259.771290
642,55.181,57.248,1770976259.828538
643,56.516,58.904,1770976259.887442
644,57.824,60.108,1770976259.947551
645,58.907,61.115,1770976260.008666
646,55.753,58.053,1770976260.066719
647,54.469,56.724,1770976260.123442
648,53.824,56.054,1770976260.179496
649,49.589,51.753,1770976260.231249
650,53.328,55.054,1770976260.286304
651,58.250,59.987,1770976260.346291
652,54.197,56.170,1770976260.402460
653,53.825,56.262,1770976260.458723
654,55.421,57.800,1770976260.516522
655,58.813,60.963,1770976260.577485
656,55.839,58.055,1770976260.635540
657,48.940,51.082,1770976260.686622
658,53.558,55.827,1770976260.742449
659,53.869,56.066,1770976260.798515
660,54.755,56.828,1770976260.855343
661,59.194,61.006,1770976260.916349
662,53.188,55.192,1770976260.971541
663,53.766,55.929,1770976261.027470
664,56.883,59.033,1770976261.086503
665,49.886,52.002,1770976261.138505
666,55.753,57.929,1770976261.196434
667,58.652,61.064,1770976261.257498
668,56.864,59.009,1770976261.316507
669,57.807,60.034,1770976261.376541
670,56.741,58.869,1770976261.435410
671,48.076,49.877,1770976261.485287
672,51.122,53.215,1770976261.538502
673,49.676,52.023,1770976261.590525
674,53.737,55.944,1770976261.646469
675,53.948,56.124,1770976261.702594
676,53.402,55.984,1770976261.758578
677,54.669,56.990,1770976261.815568
678,57.377,59.733,1770976261.875301
679,53.047,55.195,1770976261.930496
680,54.339,56.840,1770976261.987336
681,53.196,55.033,1770976262.042369
682,54.781,56.898,1770976262.099267
683,54.090,56.267,1770976262.155534
684,48.897,51.097,1770976262.206631
685,53.760,55.886,1770976262.262516
686,49.972,52.039,1770976262.314556
687,53.893,55.911,1770976262.370467
688,49.963,52.069,1770976262.422536
689,54.009,56.033,1770976262.478569
690,53.989,55.995,1770976262.534564
691,59.615,61.697,1770976262.596261
692,48.294,50.097,1770976262.646357
693,54.369,56.245,1770976262.702602
694,49.855,51.981,1770976262.754583
695,57.841,59.936,1770976262.814519
696,58.177,60.256,1770976262.874775
697,53.616,55.694,1770976262.930469
698,54.024,56.074,1770976262.986543
699,53.779,55.966,1770976263.042509
700,53.737,56.009,1770976263.098518
701,53.550,55.827,1770976263.154345
702,55.195,56.946,1770976263.211291
703,53.257,55.233,1770976263.266524
704,53.847,56.014,1770976263.322538
705,54.782,56.951,1770976263.379488
706,56.968,59.060,1770976263.438549
707,49.911,51.941,1770976263.490489
708,53.886,55.961,1770976263.546450
709,56.050,58.128,1770976263.604578
710,57.891,59.995,1770976263.664573
711,55.335,57.796,1770976263.722368
712,55.230,56.984,1770976263.779352
713,52.882,55.105,1770976263.834458
714,54.074,56.093,1770976263.890551
715,53.776,56.004,1770976263.946554
716,53.983,56.010,1770976264.002564
717,53.763,55.959,1770976264.058523
718,54.885,57.004,1770976264.115527
719,56.782,58.959,1770976264.174486
720,54.015,56.082,1770976264.230568
721,57.547,59.778,1770976264.290346
722,54.161,55.924,1770976264.346270
723,53.789,55.944,1770976264.402214
724,54.513,56.354,1770976264.458568
725,55.723,57.988,1770976264.516556
726,58.718,60.964,1770976264.577519
727,54.674,56.997,1770976264.634516
728,53.907,56.093,1770976264.690609
729,54.426,56.928,1770976264.747537
730,59.789,62.026,1770976264.809562
731,57.272,60.661,1770976264.870223
732,54.372,56.170,1770976264.926393
733,54.215,56.151,1770976264.982544
734,49.802,52.025,1770976265.034568
735,53.758,55.941,1770976265.090510
736,53.794,56.023,1770976265.146532
737,54.795,57.024,1770976265.203556
738,56.808,59.008,1770976265.262564
739,53.846,56.019,1770976265.318583
740,57.830,60.002,1770976265.378585
741,57.653,59.774,1770976265.438359
742,55.210,56.952,1770976265.495311
743,53.190,55.161,1770976265.550472
744,53.875,56.091,1770976265.606563
745,65.899,68.027,1770976265.674590
746,63.416,66.940,1770976265.741531
747,53.581,56.978,1770976265.798509
748,55.713,58.009,1770976265.856517
749,56.761,59.066,1770976265.915583
750,57.679,59.952,1770976265.975536
751,56.562,58.765,1770976266.034301
752,55.192,57.019,1770976266.091320
753,53.310,55.213,1770976266.146533
754,54.789,56.999,1770976266.203532
755,57.817,60.024,1770976266.263556
756,56.760,59.029,1770976266.322585
757,53.814,56.072,1770976266.378657
758,54.837,56.908,1770976266.435565
759,65.821,67.923,1770976266.503488
760,48.851,52.156,1770976266.555644
761,56.391,58.676,1770976266.614320
762,54.202,56.002,1770976266.670322
763,54.387,56.284,1770976266.726606
764,57.808,59.920,1770976266.786526
765,48.866,51.074,1770976266.837600
766,54.833,56.950,1770976266.894550
767,53.956,56.029,1770976266.950579
768,57.691,59.921,1770976267.010500
769,53.897,56.030,1770976267.066531
770,53.872,56.067,1770976267.122597
771,59.623,61.757,1770976267.184354
772,53.275,54.976,1770976267.239330
773,52.696,55.005,1770976267.294335
774,54.324,56.211,1770976267.350546
775,54.857,57.034,1770976267.407581
776,57.763,60.004,1770976267.467585
777,57.551,59.974,1770976267.527560
778,56.818,59.043,1770976267.586603
779,54.796,57.035,1770976267.643638
780,57.549,59.754,1770976267.703392
781,69.864,71.867,1770976267.775258
782,57.085,60.047,1770976267.835305
783,57.473,59.095,1770976267.894401
784,55.156,57.141,1770976267.951542
785,56.787,58.992,1770976268.010534
786,53.828,56.064,1770976268.066597
787,59.838,62.086,1770976268.128684
788,54.487,57.901,1770976268.186585
789,49.752,52.041,1770976268.238626
790,55.763,57.936,1770976268.296562
791,55.672,57.800,1770976268.354362
792,49.423,51.252,1770976268.405614
793,59.630,61.943,1770976268.467557
794,56.713,59.052,1770976268.526609
795,51.801,53.986,1770976268.580595
796,55.924,58.003,1770976268.638598
797,53.948,56.028,1770976268.694626
798,58.663,60.992,1770976268.755618
799,58.946,60.984,1770976268.816602
800,56.872,58.980,1770976268.875582
801,56.621,58.795,1770976268.934377
802,54.474,56.188,1770976268.990566
803,60.693,63.030,1770976269.053596
804,57.647,61.016,1770976269.114612
805,61.872,63.984,1770976269.178596
806,56.653,60.001,1770976269.238598
807,53.953,55.969,1770976269.294567
808,53.879,55.964,1770976269.350530
809,54.022,56.031,1770976269.406561
810,54.927,57.122,1770976269.463683
811,58.568,60.721,1770976269.524404
812,61.172,62.959,1770976269.587363
813,48.057,51.203,1770976269.638566
814,53.902,55.917,1770976269.694483
815,54.360,56.148,1770976269.750631
816,53.892,55.969,1770976269.806599
817,56.019,58.023,1770976269.864622
818,55.835,57.998,1770976269.922621
819,53.869,55.968,1770976269.978588
820,53.920,55.972,1770976270.034560
821,53.747,55.836,1770976270.090396
822,54.416,56.243,1770976270.146639
823,56.709,58.969,1770976270.205608
824,55.725,57.938,1770976270.263546
825,57.860,60.034,1770976270.323579
826,57.981,60.033,1770976270.383612
827,57.814,60.000,1770976270.443612
828,56.862,59.035,1770976270.502647
829,76.452,78.736,1770976270.581383
830,50.036,53.192,1770976270.634575
831,53.723,55.789,1770976270.690364
832,50.282,52.010,1770976270.742374
833,59.274,64.233,1770976270.806607
834,54.054,56.030,1770976270.862637
835,53.734,55.848,1770976270.918484
836,54.109,56.111,1770976270.974596
837,50.970,53.041,1770976271.027636
838,56.868,58.979,1770976271.086615
839,58.877,61.028,1770976271.147643
840,53.720,55.962,1770976271.203605
841,53.659,55.890,1770976271.259495
842,53.079,54.864,1770976271.314359
843,54.320,56.248,1770976271.370607
844,49.796,51.965,1770976271.422572
845,53.949,56.038,1770976271.478611
846,53.958,56.025,1770976271.534635
847,53.849,55.981,1770976271.590616
848,53.944,55.988,1770976271.646604
849,53.633,55.841,1770976271.702445
850,54.115,56.155,1770976271.758600
851,53.571,55.764,1770976271.814364
852,59.186,60.996,1770976271.875360
853,55.137,57.140,1770976271.932500
854,56.919,59.124,1770976271.991624
855,58.825,61.006,1770976272.052630
856,55.753,57.976,1770976272.110606
857,54.156,56.497,1770976272.167103
858,49.243,51.435,1770976272.218539
859,57.780,60.039,1770976272.278578
860,61.896,64.068,1770976272.342646
861,52.192,55.726,1770976272.398371
862,54.196,56.027,1770976272.454398
863,54.022,56.098,1770976272.510496
864,54.004,56.124,1770976272.566619
865,53.785,56.002,1770976272.622622
866,54.475,56.736,1770976272.679358
867,53.293,55.279,1770976272.734637
868,55.686,57.966,1770976272.792603
869,56.800,59.025,1770976272.851628
870,57.750,60.006,1770976272.911634
871,52.583,54.708,1770976272.966342
872,54.101,56.015,1770976273.022357
873,56.583,58.290,1770976273.080647
874,55.579,57.973,1770976273.138620
875,53.845,56.009,1770976273.194629
876,55.529,57.919,1770976273.252548
877,55.830,58.117,1770976273.310665
878,53.700,55.970,1770976273.366635
879,49.806,51.991,1770976273.418626
880,59.817,62.049,1770976273.480675
881,49.287,52.750,1770976273.533425
882,55.088,56.966,1770976273.590391
883,51.460,53.310,1770976273.643702
884,56.693,59.016,1770976273.702718
885,57.541,59.924,1770976273.762642
886,57.743,59.988,1770976273.822631
887,52.593,54.756,1770976273.877387
888,56.022,58.126,1770976273.935513
889,53.007,55.138,1770976273.990651
890,58.813,61.026,1770976274.051677
891,59.251,61.629,1770976274.113306
892,55.223,57.045,1770976274.170351
893,54.224,56.111,1770976274.226462
894,52.959,55.136,1770976274.281599
895,53.674,56.046,1770976274.337644
896,54.711,56.989,1770976274.394634
897,55.750,58.014,1770976274.452648
898,51.745,53.993,1770976274.506640
899,49.667,51.977,1770976274.558617
900,53.735,55.995,1770976274.614613
901,53.518,55.810,1770976274.670423
902,53.916,55.930,1770976274.726353
903,54.243,56.092,1770976274.782445
904,56.072,58.173,1770976274.840619
905,55.856,58.055,1770976274.898674
906,57.450,59.953,1770976274.958627
907,53.812,56.026,1770976275.014653
908,53.460,55.966,1770976275.070620
909,61.839,64.050,1770976275.134670
910,56.288,59.981,1770976275.194651
911,49.645,51.955,1770976275.246606
912,57.342,59.777,1770976275.306382
913,54.614,56.383,1770976275.362765
914,49.463,51.908,1770976275.414674
915,54.806,57.053,1770976275.471727
916,57.497,59.908,1770976275.531635
917,56.731,59.004,1770976275.590638
918,53.542,55.997,1770976275.646636
919,49.957,52.197,1770976275.698832
920,53.815,55.780,1770976275.754612
921,60.520,62.735,1770976275.817347
922,54.090,57.199,1770976275.874546
923,54.865,56.816,1770976275.931362
924,57.059,59.101,1770976275.990463
925,70.080,72.196,1770976276.062660
926,52.607,56.011,1770976276.118671
927,53.853,56.053,1770976276.174724
928,57.870,59.953,1770976276.234677
929,54.949,56.945,1770976276.291621
930,58.918,61.064,1770976276.352685
931,57.974,60.017,1770976276.412703
932,55.598,57.757,1770976276.470460
933,80.219,82.046,1770976276.552506
934,58.917,62.114,1770976276.614620
935,53.738,56.062,1770976276.670682
936,53.578,56.002,1770976276.726685
937,50.742,52.958,1770976276.779643
938,57.689,60.052,1770976276.839695
939,58.627,60.782,1770976276.900477
940,56.068,58.207,1770976276.958684
941,53.889,56.031,1770976277.014715
942,58.213,60.637,1770976277.075353
943,54.673,56.373,1770976277.131726
944,52.685,54.929,1770976277.186655
945,53.819,56.023,1770976277.242677
946,69.804,72.021,1770976277.314698
947,52.819,56.002,1770976277.370700
948,49.670,51.906,1770976277.422607
949,54.976,57.282,1770976277.479888
950,52.536,54.813,1770976277.534701
951,53.815,56.127,1770976277.590828
952,70.354,72.592,1770976277.663420
953,50.421,53.277,1770976277.716697
954,51.564,53.943,1770976277.770640
955,53.871,56.060,1770976277.826701
956,50.848,52.995,1770976277.879695
957,51.710,53.966,1770976277.933661
958,54.821,57.002,1770976277.990663
959,53.921,55.993,1770976278.046656
960,53.775,56.044,1770976278.102700
961,57.745,59.966,1770976278.162665
962,53.401,55.757,1770976278.218422
963,70.083,72.044,1770976278.290467
964,49.968,53.226,1770976278.343693
965,60.860,62.921,1770976278.406614
966,52.797,56.272,1770976278.462886
967,53.569,55.742,1770976278.518627
968,49.888,52.050,1770976278.570677
969,70.087,72.081,1770976278.642758
970,52.552,55.979,1770976278.698737
971,58.664,60.902,1770976278.759639
972,52.895,54.775,1770976278.814413
973,54.288,56.080,1770976278.870493
974,55.237,57.225,1770976278.927719
975,52.690,54.930,1770976278.982648
976,59.892,62.053,1770976279.044701
977,54.545,57.974,1770976279.102675
978,49.682,52.002,1770976279.154677
979,53.757,55.996,1770976279.210673
980,53.778,56.048,1770976279.266721
981,67.767,69.917,1770976279.336638
982,50.594,53.833,1770976279.390471
983,54.154,56.055,1770976279.446526
984,53.835,56.118,1770976279.502645
985,53.845,56.039,1770976279.558684
986,48.831,50.974,1770976279.609658
987,66.555,68.753,1770976279.678411
988,52.994,56.278,1770976279.734689
989,57.652,59.976,1770976279.794665
990,53.713,55.850,1770976279.850515
991,54.127,56.108,1770976279.906623
992,54.590,56.828,1770976279.963451
993,49.186,51.018,1770976280.014468
994,54.209,56.232,1770976280.070701
995,61.655,63.995,1770976280.134696
996,58.438,61.958,1770976280.196654
997,55.732,58.053,1770976280.254706
998,55.626,57.931,1770976280.312637
999,54.593,60.073,1770976280.372710
1000,49.564,57.800,1770976280.430510
1001,56.344,64.175,1770976280.494685
1002,55.488,64.737,1770976280.559422
1003,54.377,59.088,1770976280.618510
1004,59.132,61.226,1770976280.679736
1005,61.636,63.958,1770976280.743694
1006,55.177,59.268,1770976280.802963
1007,53.592,55.659,1770976280.858622
1008,53.840,56.030,1770976280.914651
1009,53.724,56.049,1770976280.970700
1010,53.641,55.989,1770976281.026690
1011,53.701,55.832,1770976281.082522
1012,54.115,55.967,1770976281.138489
1013,54.113,56.035,1770976281.194524
1014,60.852,63.183,1770976281.257706
1015,53.837,57.252,1770976281.314958
1016,53.678,55.678,1770976281.370636
1017,50.790,53.102,1770976281.423738
1018,58.669,60.973,1770976281.484711
1019,56.747,58.958,1770976281.543669
1020,56.980,59.052,1770976281.602722
1021,60.510,62.724,1770976281.665445
1022,61.035,64.027,1770976281.729472
1023,54.245,57.266,1770976281.786738
1024,54.765,56.947,1770976281.843685
1025,52.871,54.981,1770976281.898666
1026,57.925,60.030,1770976281.958697
1027,54.048,56.062,1770976282.014759
1028,53.593,55.946,1770976282.070705
1029,56.930,59.019,1770976282.129725
1030,58.787,60.928,1770976282.190652
1031,55.651,58.012,1770976282.248665
1032,56.656,58.834,1770976282.307498
1033,61.087,62.985,1770976282.370483
1034,51.065,54.255,1770976282.424739
1035,55.655,57.987,1770976282.482726
1036,53.790,55.986,1770976282.538713
1037,54.661,57.011,1770976282.595724
1038,60.849,63.076,1770976282.658800
1039,56.247,59.751,1770976282.718551
1040,54.179,56.177,1770976282.774728
1041,53.619,55.963,1770976282.830691
1042,54.316,56.751,1770976282.887441
1043,69.404,71.359,1770976282.958801
1044,56.245,59.894,1770976283.018694
1045,57.760,59.990,1770976283.078684
1046,57.690,60.021,1770976283.138705
1047,53.582,55.975,1770976283.194681
1048,51.696,54.011,1770976283.248692
1049,55.654,58.023,1770976283.306715
1050,59.721,62.050,1770976283.368765
1051,50.385,53.938,1770976283.422704
1052,53.669,55.824,1770976283.478527
1053,56.105,57.918,1770976283.536445
1054,48.168,50.234,1770976283.586679
1055,51.917,54.018,1770976283.640697
1056,60.792,63.065,1770976283.703762
1057,61.555,65.006,1770976283.768768
1058,70.330,73.872,1770976283.842639
1059,56.536,60.012,1770976283.902652
1060,53.704,56.095,1770976283.958747
1061,53.909,55.991,1770976284.014738
1062,69.587,71.728,1770976284.086466
1063,61.106,64.067,1770976284.150534
1064,50.104,53.184,1770976284.203717
1065,58.635,60.971,1770976284.264688
1066,55.715,58.056,1770976284.322744
1067,53.793,55.973,1770976284.378717
1068,57.604,60.003,1770976284.438720
1069,57.770,59.971,1770976284.498691
1070,53.857,56.057,1770976284.554748
1071,50.459,52.742,1770976284.607490
1072,56.882,58.998,1770976284.666488
1073,59.047,60.989,1770976284.727477
1074,53.224,55.206,1770976284.782683
1075,57.709,60.124,1770976284.842807
1076,53.573,55.931,1770976284.898738
1077,57.741,60.027,1770976284.958765
1078,54.693,57.042,1770976285.015807
1079,57.702,59.920,1770976285.075727
1080,58.712,61.049,1770976285.136776
1081,96.621,98.809,1770976285.235585
1082,72.008,75.149,1770976285.310734
1083,55.601,59.030,1770976285.369764
1084,55.681,57.965,1770976285.427729
1085,53.838,56.045,1770976285.483773
1086,52.978,55.452,1770976285.539225
1087,49.296,51.493,1770976285.590718
1088,57.505,60.005,1770976285.650723
1089,56.034,58.135,1770976285.708858
1090,56.976,59.552,1770976285.768409
1091,57.346,59.069,1770976285.827478
1092,59.138,61.280,1770976285.888758
1093,55.796,58.004,1770976285.946762
1094,53.615,56.006,1770976286.002768
1095,53.649,55.930,1770976286.058698
1096,53.727,56.056,1770976286.114753
1097,53.705,55.971,1770976286.170725
1098,49.758,52.088,1770976286.222813
1099,57.709,59.959,1770976286.282772
1100,57.400,59.789,1770976286.342561
1101,54.168,55.959,1770976286.398520
1102,54.848,56.983,1770976286.455503
1103,58.159,60.176,1770976286.515679
1104,57.771,60.119,1770976286.575798
1105,57.545,59.929,1770976286.635727
1106,57.474,59.791,1770976286.695518
1107,58.129,60.250,1770976286.755767
1108,60.775,62.978,1770976286.818745
1109,56.559,60.003,1770976286.878748
1110,54.429,56.780,1770976286.935528
1111,64.719,68.058,1770976287.003586
1112,52.027,55.172,1770976287.058758
1113,53.547,55.962,1770976287.114720
1114,53.668,56.058,1770976287.170778
1115,53.643,55.949,1770976287.226727
1116,57.635,60.020,1770976287.286747
1117,53.671,55.996,1770976287.342743
1118,53.604,56.081,1770976287.398824
1119,53.682,55.941,1770976287.454765
1120,54.578,56.914,1770976287.511679
1121,53.140,54.906,1770976287.566585
1122,53.917,56.009,1770976287.622594
1123,61.173,63.223,1770976287.685817
1124,57.343,60.987,1770976287.746805
1125,61.638,63.969,1770976287.810774
1126,56.568,59.999,1770976287.870772
1127,54.686,57.005,1770976287.927777
1128,54.667,56.992,1770976287.984769
1129,58.633,60.958,1770976288.045727
1130,51.054,53.386,1770976288.099113
1131,69.941,71.710,1770976288.170823
1132,52.332,56.113,1770976288.226935
1133,57.347,59.780,1770976288.286715
1134,53.727,56.035,1770976288.342750
1135,53.636,56.026,1770976288.398776
1136,54.765,57.013,1770976288.455789
1137,57.619,59.927,1770976288.515717
1138,57.729,60.053,1770976288.575769
1139,57.703,60.028,1770976288.635797
1140,57.432,59.725,1770976288.695522
1141,63.064,65.325,1770976288.760847
1142,54.242,57.917,1770976288.818764
1143,55.765,58.073,1770976288.876837
1144,56.563,58.948,1770976288.935785
1145,57.673,59.894,1770976288.995679
1146,62.813,65.101,1770976289.060779
1147,54.558,58.006,1770976289.118785
1148,53.840,56.004,1770976289.174789
1149,53.578,55.704,1770976289.230493
1150,54.358,56.051,1770976289.286544
1151,50.239,52.009,1770976289.338554
1152,50.333,52.263,1770976289.390817
1153,54.767,56.971,1770976289.447788
1154,47.729,50.030,1770976289.497818
1155,58.187,60.225,1770976289.558042
1156,53.459,55.769,1770976289.613811
1157,53.575,55.815,1770976289.669626
1158,56.116,58.192,1770976289.727817
1159,52.414,54.953,1770976289.782771
1160,50.542,52.793,1770976289.835563
1161,58.138,59.996,1770976289.895559
1162,53.928,56.253,1770976289.951813
1163,52.777,54.973,1770976290.006785
1164,54.718,56.963,1770976290.063749
1165,53.864,56.060,1770976290.119809
1166,51.837,53.980,1770976290.173789
1167,49.794,52.052,1770976290.225841
1168,51.746,53.912,1770976290.279753
1169,56.659,59.011,1770976290.338764
1170,53.509,55.788,1770976290.394551
1171,58.186,59.989,1770976290.454540
1172,54.243,56.069,1770976290.510609
1173,76.236,78.189,1770976290.588798
1174,54.512,57.984,1770976290.646782
1175,54.836,57.080,1770976290.703862
1176,61.634,63.949,1770976290.767811
1177,55.481,58.928,1770976290.826739
1178,56.760,59.121,1770976290.885860
1179,55.579,57.931,1770976290.943791
1180,57.389,59.740,1770976291.003531
1181,61.177,63.037,1770976291.066569
1182,57.990,61.348,1770976291.127917
1183,52.541,54.889,1770976291.182806
1184,55.596,58.014,1770976291.240820
1185,55.587,57.940,1770976291.298759
1186,49.775,52.029,1770976291.350789
1187,53.684,55.949,1770976291.406738
1188,53.770,56.038,1770976291.462775
1189,59.762,62.032,1770976291.524808
1190,55.357,58.771,1770976291.583579
1191,49.245,51.035,1770976291.634613
1192,54.055,56.285,1770976291.690898
1193,53.457,55.913,1770976291.746811
1194,54.687,56.981,1770976291.803792
1195,56.522,58.773,1770976291.862565
1196,54.430,56.224,1770976291.918789
1197,54.764,57.011,1770976291.975800
1198,48.743,50.983,1770976292.026783
1199,57.814,60.051,1770976292.086833
1200,49.524,51.748,1770976292.138581
1201,53.005,54.881,1770976292.193462
1202,51.265,53.170,1770976292.246632
1203,55.159,57.132,1770976292.303764
1204,58.874,61.045,1770976292.364809
1205,56.849,58.985,1770976292.423794
1206,57.715,59.936,1770976292.483730
1207,59.754,62.034,1770976292.545763
1208,55.639,59.016,1770976292.604779
1209,71.558,73.837,1770976292.678616
1210,53.799,57.001,1770976292.735617
1211,58.117,59.978,1770976292.795595
1212,58.350,60.225,1770976292.855820
1213,57.879,59.997,1770976292.915817
1214,56.291,58.869,1770976292.974686
1215,65.909,68.050,1770976293.042736
1216,57.676,61.118,1770976293.103854
1217,68.878,70.977,1770976293.174831
1218,49.475,52.978,1770976293.227809
1219,52.646,54.760,1770976293.282569
1220,53.290,55.084,1770976293.337653
1221,58.321,60.002,1770976293.397655
1222,54.911,57.116,1770976293.454771
1223,53.797,56.029,1770976293.510800
1224,70.790,73.029,1770976293.583828
1225,51.590,54.965,1770976293.638793
1226,53.731,56.053,1770976293.694846
1227,69.643,72.000,1770976293.766846
1228,69.554,71.986,1770976293.838833
1229,56.196,59.756,1770976293.898589
1230,54.282,56.046,1770976293.954635
1231,58.146,60.182,1770976294.014817
1232,53.690,55.990,1770976294.070807
1233,53.963,56.257,1770976294.127064
1234,55.461,57.749,1770976294.184813
1235,57.050,59.348,1770976294.244161
1236,56.465,58.713,1770976294.302875
1237,53.671,55.944,1770976294.358819
1238,56.658,59.006,1770976294.417825
1239,53.552,55.774,1770976294.473598
1240,59.010,61.043,1770976294.534642
1241,55.320,57.175,1770976294.591817
1242,51.899,54.115,1770976294.645932
1243,54.673,56.926,1770976294.702858
1244,76.572,78.942,1770976294.781799
1245,53.674,57.041,1770976294.838841
1246,57.215,59.734,1770976294.898574
1247,49.446,51.320,1770976294.949894
1248,55.535,57.934,1770976295.007828
1249,52.665,54.794,1770976295.062623
1250,60.136,62.100,1770976295.124722
1251,59.005,62.054,1770976295.186776
1252,54.544,57.053,1770976295.243829
1253,52.591,54.993,1770976295.298822
1254,53.683,56.025,1770976295.354847
1255,49.784,51.984,1770976295.406830
1256,53.699,56.010,1770976295.462840
1257,52.634,54.841,1770976295.517681
1258,54.879,56.890,1770976295.574571
1259,62.414,64.155,1770976295.638725
1260,56.543,59.787,1770976295.698512
1261,71.493,73.238,1770976295.771750
1262,59.674,63.143,1770976295.834893
1263,56.469,59.938,1770976295.894831
1264,54.761,57.070,1770976295.951901
1265,57.625,59.947,1770976296.011849
1266,57.642,59.946,1770976296.071795
1267,52.638,55.016,1770976296.126810
1268,53.710,56.063,1770976296.182873
1269,56.311,58.651,1770976296.241524
1270,55.093,57.039,1770976296.298563
1271,54.265,56.125,1770976296.354688
1272,69.975,72.154,1770976296.426842
1273,56.402,59.984,1770976296.486826
1274,53.579,55.997,1770976296.542823
1275,53.653,55.984,1770976296.598807
1276,53.644,56.006,1770976296.654813
1277,68.892,71.208,1770976296.726022
1278,52.288,55.860,1770976296.781881
1279,71.605,73.755,1770976296.855636
1280,64.034,67.039,1770976296.922674
1281,56.848,60.068,1770976296.982743
1282,61.808,64.113,1770976297.046856
1283,60.322,64.934,1770976297.111789
1284,76.515,80.026,1770976297.191816
1285,51.563,55.032,1770976297.246847
1286,54.671,57.002,1770976297.303849
1287,56.782,58.973,1770976297.362822
1288,57.503,59.786,1770976297.422608
1289,54.269,56.086,1770976297.478694
1290,56.128,58.148,1770976297.536842
1291,56.703,59.046,1770976297.595888
1292,55.554,57.970,1770976297.653857
1293,54.866,57.055,1770976297.710913
1294,58.550,60.936,1770976297.771849
1295,56.686,59.011,1770976297.830860
1296,54.792,57.045,1770976297.887906
1297,52.673,54.944,1770976297.942850
1298,57.428,59.762,1770976298.002611
1299,56.129,57.962,1770976298.060573
1300,51.953,54.039,1770976298.114612
1301,54.328,56.239,1770976298.170851
1302,53.644,56.004,1770976298.226855
1303,53.687,56.012,1770976298.282867
1304,57.737,60.054,1770976298.342921
1305,53.739,56.041,1770976298.398962
1306,53.522,55.872,1770976298.454834
1307,53.815,56.096,1770976298.510930
1308,57.321,59.602,1770976298.570533
1309,54.225,56.103,1770976298.626635
1310,54.225,56.061,1770976298.682696
1311,55.187,57.218,1770976298.739914
1312,58.760,60.994,1770976298.800908
1313,53.429,58.914,1770976298.859822
1314,56.744,59.013,1770976298.918835
1315,54.794,57.064,1770976298.975899
1316,52.713,54.978,1770976299.030877
1317,53.749,55.974,1770976299.086850
1318,53.687,56.011,1770976299.142862
1319,54.474,56.777,1770976299.199639
1320,54.179,56.013,1770976299.255651
1321,57.110,59.143,1770976299.314795
1322,58.418,61.045,1770976299.375840
1323,58.649,61.001,1770976299.436841
1324,57.662,60.002,1770976299.496844
1325,48.696,51.016,1770976299.547860
1326,56.699,59.044,1770976299.606904
1327,53.455,55.791,1770976299.662695
1328,56.547,58.511,1770976299.721206
1329,60.986,63.361,1770976299.784567
1330,54.108,57.113,1770976299.841680
1331,55.122,57.226,1770976299.898906
1332,53.581,55.961,1770976299.954867
1333,53.639,56.016,1770976300.010884
1334,53.702,56.000,1770976300.066884
1335,52.648,54.985,1770976300.121868
1336,54.594,56.973,1770976300.178842
1337,49.658,52.042,1770976300.230884
1338,53.611,55.941,1770976300.286825
1339,57.479,59.807,1770976300.346632
1340,51.152,53.089,1770976300.399721
1341,53.168,55.177,1770976300.454898
1342,58.531,60.956,1770976300.515854
1343,56.625,59.056,1770976300.574910
1344,57.554,59.910,1770976300.634820
1345,53.882,56.138,1770976300.690958
1346,53.493,55.944,1770976300.746902
1347,53.766,55.962,1770976300.802864
1348,53.798,56.080,1770976300.858944
1349,62.296,64.697,1770976300.923640
1350,55.082,58.130,1770976300.981771
1351,51.022,53.147,1770976301.034918
1352,57.421,59.874,1770976301.094792
1353,81.738,84.047,1770976301.178839
1354,52.427,56.051,1770976301.234890
1355,53.594,55.913,1770976301.290802
1356,53.838,56.121,1770976301.346923
1357,69.595,71.970,1770976301.418893
1358,56.189,59.713,1770976301.478606
1359,50.019,52.067,1770976301.530673
1360,54.535,56.356,1770976301.587029
1361,53.352,55.883,1770976301.642912
1362,53.707,56.050,1770976301.698962
1363,57.280,59.841,1770976301.758803
1364,52.714,55.035,1770976301.813838
1365,53.747,56.165,1770976301.870003
1366,49.481,51.905,1770976301.921908
1367,54.546,56.969,1770976301.978877
1368,57.538,59.959,1770976302.038836
1369,62.376,64.795,1770976302.103631
1370,56.015,59.133,1770976302.162764
1371,53.986,56.122,1770976302.218886
1372,57.545,59.983,1770976302.278869
1373,57.366,60.033,1770976302.338902
1374,57.429,60.007,1770976302.398909
1375,53.626,56.019,1770976302.454927
1376,53.504,56.010,1770976302.510938
1377,57.359,59.686,1770976302.570624
1378,50.243,52.227,1770976302.622852
1379,54.741,57.003,1770976302.679855
1380,56.958,58.881,1770976302.738736
1381,53.087,55.113,1770976302.793849
1382,54.639,57.023,1770976302.850872
1383,54.587,57.038,1770976302.907910
1384,56.592,58.946,1770976302.966856
1385,53.686,56.114,1770976303.022969
1386,53.704,55.965,1770976303.078934
1387,57.540,59.974,1770976303.138908
1388,69.400,71.652,1770976303.210560
1389,56.908,60.062,1770976303.270622
1390,118.504,120.328,1770976303.390950
1391,63.267,66.930,1770976303.457880
1392,67.487,71.027,1770976303.528908
1393,61.274,64.953,1770976303.593861
1394,53.467,57.064,1770976303.650924
1395,67.551,70.002,1770976303.720927
1396,60.415,63.994,1770976303.784920
1397,54.481,57.744,1770976303.842664
1398,63.069,65.028,1770976303.907692
1399,55.929,59.226,1770976303.966918
1400,50.594,52.986,1770976304.019904
1401,61.638,64.008,1770976304.083912
1402,56.553,59.997,1770976304.143909
1403,52.399,54.992,1770976304.198900
1404,53.613,55.999,1770976304.254900
1405,60.693,63.022,1770976304.317921
1406,53.414,56.922,1770976304.374843
1407,50.038,51.958,1770976304.426801
1408,54.077,55.922,1770976304.482723
1409,54.153,56.171,1770976304.538894
1410,56.658,59.059,1770976304.597953
1411,54.668,56.956,1770976304.654909
1412,60.641,63.046,1770976304.717955
1413,56.306,59.961,1770976304.777916
1414,54.672,56.988,1770976304.834904
1415,53.571,56.022,1770976304.890925
1416,53.400,55.686,1770976304.946612
1417,51.175,53.079,1770976304.999691
1418,52.324,54.035,1770976305.053726
1419,54.037,56.158,1770976305.109884
1420,55.821,58.031,1770976305.167915
1421,56.561,58.991,1770976305.226906
1422,52.918,54.988,1770976305.281894
1423,57.571,59.975,1770976305.341869
1424,54.935,57.015,1770976305.398884
1425,54.706,57.000,1770976305.455884
1426,56.930,58.992,1770976305.514876
1427,49.407,51.743,1770976305.566619
1428,54.331,56.039,1770976305.622658
1429,54.403,56.418,1770976305.679076
1430,54.308,56.897,1770976305.735973
1431,59.723,61.976,1770976305.797950
1432,54.556,57.997,1770976305.855947
1433,57.531,62.961,1770976305.918908
1434,54.809,57.007,1770976305.975915
1435,52.682,54.964,1770976306.030879
1436,56.742,59.031,1770976306.089911
1437,54.737,56.764,1770976306.146675
1438,58.856,61.067,1770976306.207742
1439,53.236,55.184,1770976306.262926
1440,50.524,53.014,1770976306.315940
1441,52.581,54.994,1770976306.370934
1442,49.512,51.972,1770976306.422906
1443,53.609,56.019,1770976306.478925
1444,75.510,77.981,1770976306.556905
1445,60.354,63.977,1770976306.620883
1446,54.232,57.836,1770976306.678719
1447,54.008,55.990,1770976306.734708
1448,50.044,51.980,1770976306.786688
1449,58.540,60.750,1770976306.847438
1450,58.894,61.350,1770976306.908788
1451,57.054,59.131,1770976306.967919
1452,56.612,59.044,1770976307.026963
1453,61.494,63.984,1770976307.090948
1454,51.514,54.984,1770976307.145932
1455,59.636,62.010,1770976307.207941
1456,55.267,58.842,1770976307.266784
1457,53.158,54.996,1770976307.321780
1458,51.173,53.155,1770976307.374935
1459,58.387,61.015,1770976307.435950
1460,52.409,54.944,1770976307.490894
1461,53.603,56.059,1770976307.546953
1462,57.540,59.982,1770976307.606935
1463,53.392,56.014,1770976307.662949
1464,52.413,54.782,1770976307.717731
1465,57.069,59.179,1770976307.776910
1466,51.514,53.808,1770976307.830718
1467,54.216,55.984,1770976307.886702
1468,59.162,61.053,1770976307.947755
1469,53.060,55.178,1770976308.002933
1470,59.595,62.013,1770976308.064945
1471,71.674,74.091,1770976308.139036
1472,53.382,56.958,1770976308.195994
1473,56.561,58.920,1770976308.254914
1474,48.640,51.020,1770976308.305935
1475,53.755,56.015,1770976308.361950
1476,53.427,55.867,1770976308.417817
1477,51.917,53.840,1770976308.471657
1478,57.214,59.124,1770976308.530781
1479,50.037,52.160,1770976308.582940
1480,60.369,62.971,1770976308.645911
1481,53.604,57.119,1770976308.703030
1482,61.365,63.934,1770976308.766963
1483,53.451,56.990,1770976308.823953
1484,51.360,53.945,1770976308.877898
1485,58.622,61.058,1770976308.938957
1486,53.248,55.768,1770976308.994724
1487,54.043,55.986,1770976309.050710
1488,70.294,72.229,1770976309.122939
1489,51.493,55.110,1770976309.178049
1490,91.505,93.924,1770976309.271972
1491,55.356,58.943,1770976309.330915
1492,53.498,55.998,1770976309.386914
1493,53.533,56.157,1770976309.443070
1494,79.426,81.905,1770976309.524975
1495,55.119,58.745,1770976309.583720
1496,57.107,59.000,1770976309.642720
1497,53.060,55.156,1770976309.697876
1498,70.824,73.045,1770976309.770921
1499,58.471,62.009,1770976309.832930
1500,54.401,56.820,1770976309.889750
1501,48.254,50.168,1770976309.939919
1502,52.634,55.019,1770976309.994937
1503,61.780,64.025,1770976310.058963
1504,55.403,59.081,1770976310.118044
1505,57.691,60.004,1770976310.178048
1506,51.125,53.664,1770976310.231712
1507,56.624,58.316,1770976310.290027
1508,53.489,56.037,1770976310.346065
1509,55.636,57.870,1770976310.403935
1510,52.584,55.006,1770976310.458940
1511,57.692,60.002,1770976310.518942
1512,53.669,56.094,1770976310.575036
1513,49.638,51.974,1770976310.627010
1514,54.362,56.795,1770976310.683805
1515,53.234,55.145,1770976310.738950
1516,54.324,56.778,1770976310.795728
1517,59.106,60.941,1770976310.856670
1518,82.295,84.339,1770976310.941009
1519,55.383,58.919,1770976310.999928
1520,56.757,59.153,1770976311.059081
1521,57.581,59.876,1770976311.118958
1522,53.690,55.988,1770976311.174945
1523,57.717,60.057,1770976311.235002
1524,52.313,54.965,1770976311.289967
1525,53.685,55.965,1770976311.345932
1526,50.254,52.788,1770976311.398720
1527,54.192,56.043,1770976311.454763
1528,53.126,55.195,1770976311.509958
1529,54.798,57.074,1770976311.567031
1530,69.481,71.965,1770976311.638996
1531,61.610,65.072,1770976311.704068
1532,59.359,62.954,1770976311.767022
1533,57.721,59.929,1770976311.826951
1534,54.513,57.021,1770976311.883972
1535,58.501,60.752,1770976311.944724
1536,57.039,59.002,1770976312.003726
1537,53.387,55.051,1770976312.058778
1538,54.907,57.226,1770976312.116004
1539,52.818,55.029,1770976312.171033
1540,50.578,52.943,1770976312.223976
1541,56.744,59.043,1770976312.283019
1542,49.763,51.996,1770976312.335015
1543,57.616,59.986,1770976312.395001
1544,53.626,55.969,1770976312.450970
1545,59.426,61.754,1770976312.512725
1546,56.033,57.991,1770976312.570715
1547,55.223,57.094,1770976312.627810
1548,57.120,59.160,1770976312.686970
1549,52.707,55.003,1770976312.741973
1550,54.732,56.966,1770976312.798938
1551,54.763,57.152,1770976312.856090
1552,53.097,57.927,1770976312.914018
1553,57.443,59.910,1770976312.973927
1554,49.635,52.112,1770976313.026039
1555,57.584,59.977,1770976313.086017
1556,54.478,56.717,1770976313.142734
1557,50.291,52.085,1770976313.194819
1558,54.308,56.206,1770976313.251024
1559,54.563,56.915,1770976313.307939
1560,52.612,54.988,1770976313.362927
1561,48.838,51.137,1770976313.414065
1562,49.570,51.907,1770976313.465971
1563,54.625,56.995,1770976313.522966
1564,57.653,60.048,1770976313.583014
1565,57.703,60.016,1770976313.643030
1566,53.284,55.712,1770976313.698742
1567,72.234,74.027,1770976313.772769
1568,55.886,59.156,1770976313.831925
1569,56.839,59.098,1770976313.891024
1570,53.545,55.993,1770976313.947016
1571,58.644,60.940,1770976314.007956
1572,56.614,59.071,1770976314.067027
1573,57.719,60.005,1770976314.127032
1574,69.636,72.008,1770976314.199040
1575,55.361,58.850,1770976314.257890
1576,53.996,55.787,1770976314.313677
1577,54.482,56.354,1770976314.370031
1578,50.728,53.010,1770976314.423041
1579,53.636,55.997,1770976314.479038
1580,52.657,54.996,1770976314.534034
1581,62.593,64.989,1770976314.599023
1582,57.600,61.118,1770976314.660141
1583,56.188,58.711,1770976314.718853
1584,53.895,56.223,1770976314.775076
1585,57.214,59.650,1770976314.834726
1586,60.257,62.099,1770976314.896825
1587,53.566,56.954,1770976314.953779
1588,56.167,58.194,1770976315.011972
1589,52.750,55.152,1770976315.067125
1590,57.490,59.919,1770976315.127043
1591,59.665,62.003,1770976315.189046
1592,54.367,56.993,1770976315.246040
1593,53.429,55.916,1770976315.301955
1594,58.521,60.988,1770976315.362943
1595,48.446,50.843,1770976315.413786
1596,55.177,56.953,1770976315.470739
1597,53.289,55.092,1770976315.525831
1598,64.102,66.206,1770976315.592036
1599,55.467,59.001,1770976315.651037
1600,53.398,55.783,1770976315.706820
1601,54.226,56.198,1770976315.763018
1602,76.406,79.058,1770976315.842076
1603,64.477,67.788,1770976315.909863
1604,77.705,81.155,1770976315.991019
1605,69.261,72.755,1770976316.063774
1606,55.258,59.325,1770976316.123098
1607,57.923,59.943,1770976316.183041
1608,59.684,61.970,1770976316.245011
1609,63.516,66.945,1770976316.311956
1610,56.501,60.084,1770976316.372040
1611,62.913,65.007,1770976316.437047
1612,53.331,56.960,1770976316.494008
1613,58.766,61.041,1770976316.555049
1614,53.149,55.711,1770976316.610760
1615,53.200,54.974,1770976316.665734
1616,54.260,56.110,1770976316.721843
1617,59.119,61.166,1770976316.783009
1618,53.723,56.014,1770976316.839024
1619,54.764,56.999,1770976316.896022
1620,53.710,56.016,1770976316.952038
1621,56.809,58.988,1770976317.011026
1622,57.804,60.022,1770976317.071048
1623,53.840,56.023,1770976317.127071
1624,63.367,65.674,1770976317.192745
1625,55.079,57.961,1770976317.250706
1626,54.305,56.104,1770976317.306811
1627,64.339,66.154,1770976317.372965
1628,50.603,54.091,1770976317.427056
1629,53.838,56.017,1770976317.483073
1630,53.626,55.978,1770976317.539051
1631,53.842,55.958,1770976317.595009
1632,54.727,57.028,1770976317.652037
1633,56.600,58.788,1770976317.710824
1634,54.781,56.823,1770976317.767647
1635,57.562,59.184,1770976317.826831
1636,54.479,56.273,1770976317.883104
1637,53.755,55.956,1770976317.939060
1638,53.649,55.986,1770976317.995046
1639,52.781,54.996,1770976318.050043
1640,54.587,56.986,1770976318.107028
1641,53.704,55.977,1770976318.163006
1642,59.676,62.032,1770976318.225037
1643,55.660,58.012,1770976318.283049
1644,69.199,71.782,1770976318.354830
1645,52.917,55.951,1770976318.410781
1646,54.314,56.055,1770976318.466836
1647,71.251,73.244,1770976318.540080
1648,59.663,62.970,1770976318.603051
1649,59.782,62.025,1770976318.665076
1650,53.565,57.030,1770976318.722106
1651,55.779,57.965,1770976318.780071
1652,56.655,58.829,1770976318.838900
1653,53.510,55.159,1770976318.894060
1654,50.498,52.743,1770976318.946802
1655,53.343,55.078,1770976319.001881
1656,56.029,57.914,1770976319.059794
1657,58.370,60.331,1770976319.120125
1658,56.561,58.931,1770976319.179056
1659,56.707,59.002,1770976319.238058
1660,54.705,56.992,1770976319.295050
1661,57.726,59.923,1770976319.354973
1662,53.598,56.072,1770976319.411045
1663,57.846,60.046,1770976319.471091
1664,53.333,55.712,1770976319.526803
1665,49.165,50.943,1770976319.577746
1666,51.534,53.323,1770976319.631069
1667,56.969,59.071,1770976319.690140
1668,49.627,51.905,1770976319.742045
1669,50.861,53.017,1770976319.795062
1670,51.281,53.373,1770976319.848435
1671,56.305,58.540,1770976319.906975
1672,52.843,55.099,1770976319.962074
1673,49.604,51.823,1770976320.013896
1674,49.746,51.991,1770976320.065887
1675,50.943,53.106,1770976320.118993
1676,43.865,45.752,1770976320.164744
1677,52.358,54.089,1770976320.218834
1678,59.254,61.230,1770976320.280064
1679,47.660,49.953,1770976320.330018
1680,53.724,56.043,1770976320.386061
1681,53.669,55.961,1770976320.442022
1682,54.703,57.014,1770976320.499036
1683,58.463,61.016,1770976320.560052
1684,50.714,53.061,1770976320.613113
1685,54.596,56.784,1770976320.669897
1686,51.050,52.894,1770976320.722790
1687,54.329,56.046,1770976320.778836
1688,58.204,60.279,1770976320.839115
1689,53.621,55.906,1770976320.895021
1690,52.848,55.047,1770976320.950068
1691,54.883,57.003,1770976321.007071
1692,53.993,56.230,1770976321.063301
1693,57.584,59.769,1770976321.123070
1694,53.743,56.048,1770976321.179118
1695,53.713,55.921,1770976321.235039
1696,68.569,70.739,1770976321.305778
1697,50.324,53.241,1770976321.359020
1698,53.192,55.088,1770976321.414107
1699,53.755,55.955,1770976321.470062
1700,55.734,57.993,1770976321.528055
1701,54.866,57.007,1770976321.585061
1702,55.804,57.985,1770976321.643046
1703,57.869,60.125,1770976321.703172
1704,53.391,55.926,1770976321.759098
1705,55.714,57.984,1770976321.817082
1706,70.423,72.726,1770976321.889808
1707,56.144,59.047,1770976321.948856
1708,58.246,60.194,1770976322.009050
1709,59.659,61.982,1770976322.071033
1710,56.591,60.059,1770976322.131092
1711,54.769,57.026,1770976322.188118
1712,56.746,58.909,1770976322.247027
1713,49.837,52.027,1770976322.299054
1714,57.851,60.017,1770976322.359071
1715,53.625,55.722,1770976322.414793
1716,59.361,61.045,1770976322.475838
1717,57.550,59.223,1770976322.535061
1718,53.957,56.090,1770976322.591152
1719,49.820,51.944,1770976322.643096
1720,56.588,58.802,1770976322.701898
1721,55.271,57.255,1770976322.759153
1722,53.723,55.941,1770976322.815094
1723,57.855,60.045,1770976322.875139
1724,56.793,59.010,1770976322.934149
1725,59.501,61.683,1770976322.995832
1726,71.304,73.074,1770976323.068906
1727,50.117,53.308,1770976323.122214
1728,50.398,52.811,1770976323.175025
1729,50.879,53.036,1770976323.228061
1730,56.812,59.049,1770976323.287110
1731,52.804,54.971,1770976323.342082
1732,53.602,55.960,1770976323.398041
1733,54.896,57.083,1770976323.455124
1734,56.582,58.981,1770976323.514105
1735,70.653,72.765,1770976323.586869
1736,56.978,59.992,1770976323.646861
1737,50.630,52.232,1770976323.699093
1738,53.861,56.058,1770976323.755151
1739,53.823,55.936,1770976323.811087
1740,53.795,55.931,1770976323.867018
1741,59.000,61.072,1770976323.928090
1742,56.947,59.016,1770976323.987105
1743,52.783,54.977,1770976324.042082
1744,54.795,56.968,1770976324.099050
1745,69.627,71.756,1770976324.170806
1746,53.448,56.363,1770976324.227169
1747,57.848,60.045,1770976324.287214
1748,57.789,59.886,1770976324.347100
1749,57.914,60.001,1770976324.407101
1750,57.896,60.019,1770976324.467121
1751,49.682,51.968,1770976324.519089
1752,54.933,57.066,1770976324.576155
1753,56.391,58.979,1770976324.635134
1754,57.546,59.752,1770976324.694886
1755,58.997,60.972,1770976324.755858
1756,53.283,55.067,1770976324.810925
1757,54.258,56.080,1770976324.867006
1758,57.036,59.106,1770976324.926112
1759,53.777,56.003,1770976324.982114
1760,50.683,52.945,1770976325.035060
1761,53.959,56.058,1770976325.091118
1762,52.842,55.010,1770976325.146128
1763,53.890,56.043,1770976325.202171
1764,49.854,51.980,1770976325.254151
1765,54.385,56.730,1770976325.310882
1766,55.983,58.913,1770976325.369794
1767,57.323,59.077,1770976325.428871
1768,60.331,62.251,1770976325.491122
1769,56.579,59.938,1770976325.551060
1770,56.632,58.961,1770976325.610021
1771,70.779,72.879,1770976325.682900
1772,52.078,55.243,1770976325.738143
1773,70.865,72.959,1770976325.811102
1774,56.645,60.048,1770976325.871150
1775,57.768,59.954,1770976325.931105
1776,54.126,55.968,1770976325.987073
1777,53.221,55.049,1770976326.042122
1778,53.661,55.930,1770976326.098053
1779,55.977,58.075,1770976326.156128
1780,93.839,96.011,1770976326.252139
1781,68.697,72.061,1770976326.324199
1782,56.548,59.955,1770976326.384155
1783,57.815,59.967,1770976326.444122
1784,56.598,58.812,1770976326.502934
1785,60.288,61.953,1770976326.564887
1786,56.107,59.169,1770976326.624056
1787,57.034,59.173,1770976326.683229
1788,64.566,66.869,1770976326.750099
1789,70.780,74.052,1770976326.824150
1790,55.565,58.889,1770976326.883039
1791,59.991,62.044,1770976326.945083
1792,55.774,59.071,1770976327.004154
1793,57.669,59.850,1770976327.064004
1794,62.172,63.919,1770976327.127923
1795,63.253,69.242,1770976327.197165
1796,63.549,66.938,1770976327.264103
1797,57.688,61.001,1770976327.325104
1798,62.943,65.022,1770976327.390126
1799,71.736,75.033,1770976327.465158
1800,77.732,81.023,1770976327.546182
1801,54.651,57.932,1770976327.604114
1802,57.684,59.747,1770976327.663860
1803,58.328,60.055,1770976327.723915
1804,58.314,60.294,1770976327.784209
1805,58.814,60.900,1770976327.845109
1806,56.680,58.879,1770976327.903988
1807,58.127,60.113,1770976327.964102
1808,57.904,60.034,1770976328.024136
1809,56.955,59.077,1770976328.083212
1810,58.800,60.896,1770976328.144109
1811,56.985,59.038,1770976328.203147
1812,58.635,60.699,1770976328.263846
1813,58.292,60.068,1770976328.323914
1814,58.125,60.207,1770976328.384121
1815,58.697,61.028,1770976328.445149
1816,56.681,58.980,1770976328.504128
1817,58.758,61.073,1770976328.565202
1818,56.478,58.913,1770976328.624115
1819,57.844,60.126,1770976328.684241
1820,57.222,59.632,1770976328.743873
1821,58.235,59.974,1770976328.803847
1822,58.187,60.089,1770976328.863936
1823,58.067,60.027,1770976328.923963
1824,66.051,68.256,1770976328.992219
1825,68.301,71.928,1770976329.064146
1826,56.346,59.955,1770976329.124101
1827,56.802,59.055,1770976329.183156
1828,64.514,66.934,1770976329.250089
1829,71.615,75.044,1770976329.325134
1830,55.264,58.742,1770976329.383876
1831,58.353,60.078,1770976329.443954
1832,118.691,120.641,1770976329.564595
1833,56.153,59.592,1770976329.624188
1834,56.414,58.722,1770976329.682909
1835,59.334,61.265,1770976329.744174
1836,63.773,65.964,1770976329.810138
1837,70.543,74.019,1770976329.884157
1838,56.351,59.675,1770976329.943832
1839,58.475,60.294,1770976330.004126
1840,62.050,63.773,1770976330.067899
1841,54.092,57.307,1770976330.125207
1842,55.749,57.938,1770976330.183144
1843,57.679,60.014,1770976330.243158
1844,58.847,61.033,1770976330.304190
1845,56.689,58.908,1770976330.363098
1846,57.777,60.062,1770976330.423160
1847,65.722,68.038,1770976330.491198
1848,69.378,72.700,1770976330.563898
1849,57.109,60.042,1770976330.623940
1850,58.402,60.277,1770976330.684217
1851,57.641,59.940,1770976330.744157
1852,58.934,61.179,1770976330.805336
1853,56.833,58.886,1770976330.864223
1854,57.393,59.804,1770976330.924027
1855,57.769,60.165,1770976330.984192
1856,51.713,54.065,1770976331.038256
1857,63.423,65.587,1770976331.103843
1858,56.138,59.059,1770976331.162902
1859,65.566,67.199,1770976331.230101
1860,70.041,73.340,1770976331.303441
1861,57.002,60.720,1770976331.364161
1862,52.777,55.009,1770976331.419170
1863,61.716,64.031,1770976331.483202
1864,56.565,59.986,1770976331.543187
1865,59.644,61.978,1770976331.605165
1866,54.542,58.028,1770976331.663193
1867,64.409,66.733,1770976331.729926
1868,70.204,73.105,1770976331.803031
1869,56.899,60.207,1770976331.863238
1870,57.655,59.878,1770976331.923116
1871,58.624,61.131,1770976331.984247
1872,57.723,59.974,1770976332.044221
1873,57.467,59.925,1770976332.104146
1874,57.795,60.011,1770976332.164157
1875,59.628,62.045,1770976332.226202
1876,55.646,57.936,1770976332.284138
1877,57.075,58.818,1770976332.342956
1878,71.276,73.283,1770976332.416239
1879,71.584,74.969,1770976332.491208
1880,68.606,72.016,1770976332.563224
1881,56.571,59.977,1770976332.623201
1882,58.675,60.970,1770976332.684171
1883,56.627,58.986,1770976332.743157
1884,58.764,61.102,1770976332.804260
1885,57.236,59.632,1770976332.863891
1886,58.023,60.026,1770976332.923918
1887,58.241,60.199,1770976332.984117
1888,58.753,61.083,1770976333.045200
1889,56.793,59.003,1770976333.104203
1890,56.561,58.963,1770976333.163167
1891,48.803,51.000,1770976333.214167
1892,67.702,69.984,1770976333.284151
1893,55.626,59.036,1770976333.343187
1894,57.672,59.946,1770976333.403132
1895,58.543,60.833,1770976333.463966
1896,58.160,60.039,1770976333.524005
1897,58.189,60.218,1770976333.584223
1898,57.561,59.897,1770976333.644119
1899,49.066,51.345,1770976333.695465
1900,49.447,51.757,1770976333.747221
1901,75.542,77.919,1770976333.825140
1902,55.709,59.125,1770976333.884265
1903,58.707,60.900,1770976333.945165
1904,57.505,59.721,1770976334.004887
1905,77.291,79.124,1770976334.084011
1906,57.029,60.174,1770976334.144185
1907,56.621,58.950,1770976334.203135
1908,70.715,73.020,1770976334.276155
1909,64.541,68.000,1770976334.344155
1910,61.521,65.030,1770976334.409184
1911,76.421,79.944,1770976334.489129
1912,51.466,55.012,1770976334.544140
1913,57.476,59.804,1770976334.603944
1914,59.211,60.984,1770976334.664928
1915,57.908,60.142,1770976334.725070
1916,56.817,59.115,1770976334.784186
1917,57.692,60.010,1770976334.844196
1918,67.516,69.981,1770976334.914177
1919,72.435,75.964,1770976334.990141
1920,72.496,76.069,1770976335.066210
1921,53.512,56.947,1770976335.123157
1922,64.342,66.766,1770976335.189924
1923,49.956,53.066,1770976335.242990
1924,59.132,61.195,1770976335.304185
1925,57.759,59.932,1770976335.364116
1926,57.097,59.381,1770976335.423497
1927,57.262,59.665,1770976335.483163
1928,63.884,66.007,1770976335.549170
1929,71.464,74.901,1770976335.624071
1930,56.427,59.885,1770976335.683956
1931,63.186,65.279,1770976335.749234
1932,76.333,79.752,1770976335.828987
1933,78.204,81.162,1770976335.910149
1934,69.848,73.122,1770976335.983270
1935,56.437,59.909,1770976336.043180
1936,58.856,61.058,1770976336.104238
1937,57.611,59.924,1770976336.164161
1938,58.775,61.033,1770976336.225194
1939,63.625,65.971,1770976336.291164
1940,55.582,59.036,1770976336.350201
1941,67.441,69.744,1770976336.419944
1942,66.172,69.281,1770976336.489225
1943,71.445,75.006,1770976336.564231
1944,55.402,58.941,1770976336.623172
1945,58.517,61.102,1770976336.684274
1946,56.472,58.894,1770976336.743168
1947,58.660,60.997,1770976336.804165
1948,57.657,59.847,1770976336.864012
1949,58.141,60.132,1770976336.924144
1950,56.458,58.802,1770976336.982946
1951,51.106,53.077,1770976337.036024
1952,65.283,67.219,1770976337.103243
1953,57.505,60.934,1770976337.164177
1954,48.718,51.085,1770976337.215262
1955,73.575,75.925,1770976337.291187
1956,69.488,72.997,1770976337.364184
1957,55.594,59.082,1770976337.423266
1958,64.608,66.965,1770976337.490230
1959,49.182,52.737,1770976337.542967
1960,48.092,49.997,1770976337.592964
1961,54.933,57.128,1770976337.650092
1962,77.090,79.224,1770976337.729316
1963,50.269,53.841,1770976337.783158
1964,49.839,52.103,1770976337.835261
1965,67.632,69.977,1770976337.905237
1966,55.470,59.019,1770976337.964257
1967,52.651,54.986,1770976338.019243
1968,62.707,64.948,1770976338.084191
1969,56.107,59.759,1770976338.143950
1970,60.168,62.082,1770976338.206032
1971,74.986,78.212,1770976338.284243
1972,55.627,59.050,1770976338.343293
1973,58.811,61.012,1770976338.404305
1974,55.654,57.929,1770976338.462233
1975,51.419,53.988,1770976338.516221
1976,70.752,73.047,1770976338.589268
1977,70.571,74.037,1770976338.663305
1978,58.210,61.626,1770976338.724931
1979,57.233,59.094,1770976338.784025
1980,58.258,60.217,1770976338.844242
1981,57.716,59.950,1770976338.904192
1982,60.752,63.055,1770976338.967247
1983,73.629,76.984,1770976339.044230
1984,57.504,60.941,1770976339.105171
1985,57.801,60.117,1770976339.165289
1986,78.682,80.983,1770976339.246272
1987,73.401,76.784,1770976339.323056
1988,56.794,60.046,1770976339.383103
1989,60.083,62.071,1770976339.445174
1990,56.650,60.110,1770976339.505284
1991,55.688,57.925,1770976339.563210
1992,46.870,48.995,1770976339.612205
1993,55.598,57.790,1770976339.669995
1994,51.136,53.099,1770976339.723094
1995,64.012,66.069,1770976339.789162
1996,72.374,75.771,1770976339.864933
1997,57.129,60.095,1770976339.925028
1998,58.278,60.215,1770976339.985243
1999,55.716,58.033,1770976340.043276
2000,70.749,72.978,1770976340.116253
2001,69.562,73.018,1770976340.189271
2002,72.672,76.061,1770976340.265332
2003,74.606,80.934,1770976340.346267
2004,50.780,60.020,1770976340.406287
2005,70.693,78.758,1770976340.485045
2006,71.214,80.216,1770976340.565261
2007,73.777,80.040,1770976340.645301
2008,54.649,58.008,1770976340.703309
2009,57.664,59.982,1770976340.763291
2010,70.672,73.000,1770976340.836292
2011,64.601,68.101,1770976340.904393
2012,69.291,72.805,1770976340.977198
2013,76.277,79.800,1770976341.056998
2014,64.000,67.184,1770976341.124182
2015,57.753,61.070,1770976341.185252
2016,56.729,58.982,1770976341.244234
2017,58.885,60.985,1770976341.305219
2018,56.734,59.025,1770976341.364244
2019,57.819,60.025,1770976341.424269
2020,57.726,60.034,1770976341.484303
2021,57.595,59.870,1770976341.544173
2022,57.766,59.864,1770976341.604037
2023,58.477,60.332,1770976341.664368
2024,58.678,60.883,1770976341.725251
2025,57.689,59.924,1770976341.785175
2026,57.966,60.024,1770976341.845200
2027,61.926,64.050,1770976341.909250
2028,72.737,76.153,1770976341.985404
2029,56.421,59.913,1770976342.045317
2030,57.790,59.966,1770976342.105283
2031,57.515,59.755,1770976342.165037
2032,58.669,60.281,1770976342.225318
2033,60.597,62.924,1770976342.288242
2034,51.785,55.087,1770976342.343329
2035,64.634,66.919,1770976342.410248
2036,63.529,67.081,1770976342.477329
2037,64.450,67.882,1770976342.545211
2038,54.576,57.977,1770976342.603189
2039,58.512,60.751,1770976342.663940
2040,58.380,60.296,1770976342.724236
2041,56.508,58.710,1770976342.782946
2042,50.741,52.442,1770976342.835388
2043,65.418,67.686,1770976342.903074
2044,57.942,61.245,1770976342.964319
2045,56.744,58.967,1770976343.023285
2046,58.552,60.913,1770976343.084198
2047,56.888,59.075,1770976343.143274
2048,58.832,61.038,1770976343.204312
2049,57.731,59.908,1770976343.264220
2050,56.814,58.992,1770976343.323212
2051,59.333,61.128,1770976343.384340
2052,57.631,59.900,1770976343.444240
2053,57.842,60.053,1770976343.504293
2054,57.724,59.905,1770976343.564198
2055,57.731,60.051,1770976343.624249
2056,57.436,59.763,1770976343.684013
2057,61.346,63.354,1770976343.747367
2058,53.451,56.881,1770976343.804248
2059,57.928,60.049,1770976343.864297
2060,56.561,58.803,1770976343.923100
2061,58.182,59.983,1770976343.983083
2062,59.336,61.180,1770976344.044264
2063,64.778,67.011,1770976344.111275
2064,70.655,73.940,1770976344.185215
2065,55.579,59.075,1770976344.244291
2066,57.590,59.959,1770976344.304249
2067,56.619,59.006,1770976344.363255
2068,56.829,59.029,1770976344.422284
2069,59.465,61.751,1770976344.484035
2070,57.042,59.022,1770976344.543057
2071,58.296,60.437,1770976344.603494
2072,58.193,60.463,1770976344.663958
2073,57.161,59.197,1770976344.723155
2074,58.832,61.113,1770976344.784268
2075,57.740,60.008,1770976344.844276
2076,56.932,59.309,1770976344.903585
2077,58.206,60.731,1770976344.964317
2078,57.526,60.042,1770976345.024359
2079,56.436,58.654,1770976345.083013
2080,64.530,66.380,1770976345.149393
2081,70.375,73.890,1770976345.223284
2082,56.433,60.022,1770976345.283306
2083,77.846,80.042,1770976345.363348
2084,78.321,81.914,1770976345.445262
2085,74.743,78.175,1770976345.523437
2086,77.173,80.775,1770976345.604212
2087,76.341,79.818,1770976345.684030
2088,77.166,80.189,1770976345.764219
2089,75.328,78.753,1770976345.842973
2090,83.207,86.346,1770976345.929319
2091,70.473,73.972,1770976346.003291
2092,56.492,60.019,1770976346.063311
2093,57.665,59.953,1770976346.123264
2094,47.728,50.062,1770976346.173326
2095,67.403,69.763,1770976346.243089
2096,76.585,80.003,1770976346.323092
2097,77.896,81.206,1770976346.404298
2098,75.579,79.022,1770976346.483320
2099,76.555,80.011,1770976346.563331
2100,76.484,79.938,1770976346.643270
2101,66.805,70.180,1770976346.713449
2102,73.974,77.560,1770976346.791009
2103,77.049,80.056,1770976346.871066
2104,49.967,53.234,1770976346.924300
2105,63.624,65.932,1770976346.990232
2106,75.664,79.088,1770976347.069320
2107,49.570,52.988,1770976347.122308
2108,68.796,71.016,1770976347.193325
2109,67.684,71.049,1770976347.264373
2110,50.354,53.932,1770976347.318305
2111,70.535,72.758,1770976347.391063
2112,131.312,134.310,1770976347.525373
2113,52.300,55.933,1770976347.581306
2114,53.671,56.006,1770976347.637312
2115,51.909,54.151,1770976347.691463
2116,56.625,58.910,1770976347.750373
2117,53.745,55.971,1770976347.806344
2118,75.667,77.863,1770976347.884207
2119,53.243,56.763,1770976347.940970
2120,71.140,73.180,1770976348.014150
2121,55.694,59.030,1770976348.073180
2122,82.859,85.074,1770976348.158254
2123,55.558,59.032,1770976348.217286
2124,70.641,73.000,1770976348.290286
2125,60.549,64.111,1770976348.354398
2126,57.302,60.980,1770976348.415378
2127,56.692,58.922,1770976348.474300
2128,60.538,62.896,1770976348.537196
2129,55.988,58.872,1770976348.596068
2130,55.289,57.256,1770976348.653324
2131,54.787,57.020,1770976348.710344
2132,57.783,60.017,1770976348.770361
2133,53.901,56.026,1770976348.826387
2134,59.670,61.993,1770976348.888381
2135,69.598,72.963,1770976348.961343
2136,58.565,61.982,1770976349.023325
2137,55.670,58.011,1770976349.081336
2138,53.469,55.690,1770976349.137025
2139,54.268,56.059,1770976349.193084
2140,55.365,57.188,1770976349.250273
2141,58.880,61.116,1770976349.311389
2142,71.531,73.882,1770976349.385271
2143,53.658,57.045,1770976349.442316
2144,56.691,59.054,1770976349.501370
2145,53.956,55.989,1770976349.557360
2146,53.601,55.938,1770976349.613298
2147,59.743,61.803,1770976349.675101
2148,55.884,57.915,1770976349.733016
2149,58.638,60.301,1770976349.793317
2150,54.806,57.014,1770976349.850330
2151,58.849,61.002,1770976349.911332
2152,56.787,58.979,1770976349.970310
2153,60.884,63.028,1770976350.033339
2154,56.598,59.971,1770976350.093310
2155,58.008,60.048,1770976350.153358
2156,55.618,57.990,1770976350.211348
2157,56.659,58.761,1770976350.270109
2158,59.249,61.033,1770976350.331142
2159,60.905,62.707,1770976350.393849
2160,52.086,55.521,1770976350.449371
2161,49.798,51.978,1770976350.501348
2162,57.848,59.974,1770976350.561323
2163,54.762,56.998,1770976350.618320
2164,53.043,55.136,1770976350.673456
2165,54.755,57.019,1770976350.730476
2166,57.859,59.941,1770976350.790416
2167,68.380,70.593,1770976350.861010
2168,82.205,85.179,1770976350.946188
2169,56.721,60.103,1770976351.006292
2170,51.781,54.023,1770976351.060314
2171,54.693,57.077,1770976351.117391
2172,54.823,56.962,1770976351.174353
2173,48.743,50.992,1770976351.225345
2174,53.821,56.039,1770976351.281385
2175,58.715,60.985,1770976351.342370
2176,52.773,54.952,1770976351.397321
2177,54.466,56.771,1770976351.454093
2178,53.319,55.057,1770976351.509150
2179,50.129,52.151,1770976351.561301
2180,57.814,60.047,1770976351.621348
2181,54.712,57.091,1770976351.678439
2182,69.661,71.833,1770976351.750272
2183,56.665,60.071,1770976351.810343
2184,54.584,57.060,1770976351.867403
2185,55.651,57.916,1770976351.925319
2186,60.258,62.650,1770976351.987969
2187,55.190,58.034,1770976352.046003
2188,52.507,54.349,1770976352.100351
2189,54.749,57.020,1770976352.157371
2190,51.754,53.950,1770976352.211321
2191,51.651,54.035,1770976352.265356
2192,53.691,56.021,1770976352.321377
2193,54.622,57.028,1770976352.378405
2194,52.661,54.936,1770976352.433341
2195,69.840,72.079,1770976352.505420
2196,49.449,52.923,1770976352.558343
2197,57.542,59.752,1770976352.618096
2198,53.386,54.998,1770976352.673094
2199,53.314,55.314,1770976352.728408
2200,54.760,56.983,1770976352.785391
2201,71.789,74.053,1770976352.859444
2202,71.512,74.933,1770976352.934377
2203,66.518,69.968,1770976353.004344
2204,71.674,75.102,1770976353.079447
2205,50.518,53.919,1770976353.133366
2206,69.552,71.730,1770976353.205096
2207,71.100,74.058,1770976353.279154
2208,86.941,90.264,1770976353.369418
2209,58.568,61.984,1770976353.431402
2210,52.590,54.940,1770976353.486342
2211,52.842,55.024,1770976353.541366
2212,60.672,63.014,1770976353.604380
2213,54.762,58.040,1770976353.662420
2214,59.400,61.830,1770976353.724250
2215,55.866,57.906,1770976353.782156
2216,56.774,58.998,1770976353.841154
2217,61.193,63.180,1770976353.904335
2218,53.664,57.116,1770976353.961450
2219,54.750,56.968,1770976354.018418
2220,58.547,60.969,1770976354.079387
2221,52.835,55.016,1770976354.134403
2222,53.710,55.930,1770976354.190333
2223,57.877,60.043,1770976354.250376
2224,56.707,59.005,1770976354.309381
2225,55.697,57.723,1770976354.367104
2226,57.374,58.989,1770976354.426093
2227,57.417,59.283,1770976354.485376
2228,54.604,57.001,1770976354.542377
2229,53.875,56.014,1770976354.598392
2230,52.793,54.945,1770976354.653336
2231,53.869,56.077,1770976354.709414
2232,53.616,55.997,1770976354.765410
2233,53.756,55.988,1770976354.821398
2234,62.579,64.832,1770976354.886230
2235,55.672,58.866,1770976354.945096
2236,55.078,57.124,1770976355.002221
2237,57.132,59.139,1770976355.061360
2238,53.622,56.005,1770976355.117365
2239,53.795,55.953,1770976355.173317
2240,49.512,52.037,1770976355.225354
2241,54.665,57.001,1770976355.282356
2242,53.818,56.056,1770976355.338412
2243,52.766,54.956,1770976355.393368
2244,53.896,56.002,1770976355.449371
2245,49.521,51.774,1770976355.501145
2246,54.189,56.170,1770976355.557314
2247,53.909,55.924,1770976355.613239
2248,53.971,55.947,1770976355.669185
2249,55.183,57.168,1770976355.726353
2250,56.836,59.030,1770976355.785383
2251,70.882,73.051,1770976355.858434
2252,55.590,58.974,1770976355.917408
2253,70.794,72.994,1770976355.990402
2254,62.347,65.751,1770976356.056153
2255,68.369,71.277,1770976356.127430
2256,54.366,57.911,1770976356.185341
2257,54.689,57.020,1770976356.242361
2258,52.790,55.055,1770976356.297416
2259,53.736,56.001,1770976356.353416
2260,53.715,55.999,1770976356.409415
2261,54.480,56.801,1770976356.466216
2262,53.200,55.191,1770976356.521407
2263,54.608,56.962,1770976356.578368
2264,53.804,56.069,1770976356.634438
2265,51.544,53.703,1770976356.688141
2266,56.297,58.125,1770976356.746267
2267,58.116,60.007,1770976356.806274
2268,53.007,55.088,1770976356.861362
2269,54.876,57.043,1770976356.918404
2270,58.722,60.972,1770976356.979376
2271,55.893,58.049,1770976357.037426
2272,58.708,60.937,1770976357.098363
2273,56.475,58.684,1770976357.157047
2274,55.218,57.129,1770976357.214176
2275,49.979,54.954,1770976357.269130
2276,54.209,55.985,1770976357.325115
2277,54.015,55.946,1770976357.381061
2278,56.172,57.997,1770976357.439058
2279,49.185,51.008,1770976357.490066
2280,53.164,54.988,1770976357.545054
2281,54.239,56.037,1770976357.601091
2282,54.255,56.057,1770976357.657148
2283,55.164,56.991,1770976357.714139
2284,53.336,55.072,1770976357.769211
2285,53.930,55.896,1770976357.825107
2286,55.220,57.009,1770976357.882116
2287,54.244,56.050,1770976357.938166
2288,53.121,54.898,1770976357.993063
2289,54.142,55.996,1770976358.049060
2290,54.221,56.009,1770976358.105068
2291,54.153,56.000,1770976358.161068
2292,49.992,52.066,1770976358.213134
2293,54.174,55.971,1770976358.269104
2294,56.200,58.033,1770976358.327138
2295,53.207,55.025,1770976358.382162
2296,53.218,55.007,1770976358.437169
2297,58.283,60.088,1770976358.497257
2298,60.215,62.039,1770976358.559295
2299,51.768,53.739,1770976358.613034
2300,54.349,56.161,1770976358.669195
2301,60.071,61.960,1770976358.731155
2302,55.950,58.963,1770976358.790118
2303,55.245,57.075,1770976358.847193
2304,61.699,63.890,1770976358.911082
2305,56.185,59.133,1770976358.970215
2306,53.993,56.041,1770976359.026256
2307,54.976,56.896,1770976359.083152
2308,57.972,59.914,1770976359.143065
2309,58.301,60.043,1770976359.203109
2310,56.099,57.961,1770976359.261070
2311,54.328,56.133,1770976359.317203
2312,54.236,56.145,1770976359.373348
2313,55.830,57.851,1770976359.431199
2314,52.898,54.869,1770976359.486068
2315,53.232,55.077,1770976359.541145
