seq,rtt_ms,status,timestamp
0,51.929,OK,1770975920.611082
1,56.812,OK,1770975920.671441
2,72.340,OK,1770975920.753170
3,64.147,OK,1770975920.831139
4,58.228,OK,1770975920.891096
5,59.319,OK,1770975920.952205
6,57.245,OK,1770975921.011407
7,57.810,OK,1770975921.071397
8,57.794,OK,1770975921.131392
9,58.820,OK,1770975921.192412
10,57.171,OK,1770975921.251339
11,59.335,OK,1770975921.312579
12,57.436,OK,1770975921.372506
13,57.356,OK,1770975921.432095
14,58.131,OK,1770975921.492067
15,58.506,OK,1770975921.552416
16,76.597,OK,1770975921.631367
17,56.348,OK,1770975921.691146
18,58.875,OK,1770975921.752335
19,57.912,OK,1770975921.812417
20,56.933,OK,1770975921.871465
21,58.747,OK,1770975921.932457
22,57.624,OK,1770975921.992395
23,58.444,OK,1770975922.053108
24,58.364,OK,1770975922.113165
25,56.269,OK,1770975922.171414
26,57.762,OK,1770975922.231362
27,58.718,OK,1770975922.292349
28,57.789,OK,1770975922.352376
29,57.896,OK,1770975922.412419
30,97.522,OK,1770975922.512167
31,56.005,OK,1770975922.571351
32,57.480,OK,1770975922.631100
33,51.300,OK,1770975922.684139
34,65.237,OK,1770975922.751389
35,56.518,OK,1770975922.811352
36,57.493,OK,1770975922.871204
37,58.054,OK,1770975922.931254
38,57.942,OK,1770975922.991418
39,57.853,OK,1770975923.051483
40,57.309,OK,1770975923.111170
41,58.085,OK,1770975923.171202
42,50.190,OK,1770975923.223272
43,49.271,OK,1770975923.274446
44,54.398,OK,1770975923.331343
45,57.844,OK,1770975923.391370
46,50.688,OK,1770975923.444380
47,64.558,OK,1770975923.511418
48,57.661,OK,1770975923.571413
49,57.668,OK,1770975923.631361
50,57.532,OK,1770975923.691178
51,58.973,OK,1770975923.752089
52,55.437,OK,1770975923.811206
53,57.051,OK,1770975923.870259
54,59.178,OK,1770975923.931471
55,57.648,OK,1770975923.991354
56,57.753,OK,1770975924.051366
57,57.751,OK,1770975924.111378
58,57.787,OK,1770975924.171426
59,98.852,OK,1770975924.272475
60,61.188,OK,1770975924.337198
61,77.997,OK,1770975924.418200
62,69.895,OK,1770975924.491359
63,56.755,OK,1770975924.551484
64,56.265,OK,1770975924.610368
65,58.745,OK,1770975924.671466
66,57.630,OK,1770975924.731427
67,57.740,OK,1770975924.791411
68,57.982,OK,1770975924.851497
69,57.364,OK,1770975924.911191
70,57.099,OK,1770975924.970221
71,60.266,OK,1770975925.032394
72,55.759,OK,1770975925.091592
73,57.587,OK,1770975925.151412
74,57.896,OK,1770975925.211438
75,58.773,OK,1770975925.272423
76,56.834,OK,1770975925.331451
77,57.804,OK,1770975925.391440
78,57.930,OK,1770975925.451514
79,57.432,OK,1770975925.511256
80,118.173,OK,1770975925.631179
81,56.729,OK,1770975925.691236
82,59.083,OK,1770975925.752391
83,57.892,OK,1770975925.812436
84,56.617,OK,1770975925.871195
85,57.286,OK,1770975925.930435
86,64.781,OK,1770975925.997326
87,70.911,OK,1770975926.071564
88,56.188,OK,1770975926.131207
89,61.043,OK,1770975926.194204
90,53.883,OK,1770975926.251402
91,58.785,OK,1770975926.312451
92,56.860,OK,1770975926.371433
93,60.845,OK,1770975926.434441
94,53.271,OK,1770975926.491384
95,57.918,OK,1770975926.551451
96,57.934,OK,1770975926.611411
97,57.614,OK,1770975926.671185
98,59.291,OK,1770975926.732191
99,57.236,OK,1770975926.791245
100,58.170,OK,1770975926.851369
101,57.882,OK,1770975926.911430
102,57.855,OK,1770975926.971410
103,57.873,OK,1770975927.031445
104,57.810,OK,1770975927.091445
105,56.891,OK,1770975927.150527
106,58.729,OK,1770975927.211455
107,56.581,OK,1770975927.270178
108,59.333,OK,1770975927.331216
109,59.272,OK,1770975927.392450
110,56.786,OK,1770975927.451488
111,57.786,OK,1770975927.511450
112,57.720,OK,1770975927.571424
113,57.823,OK,1770975927.631444
114,60.465,OK,1770975927.694200
115,54.936,OK,1770975927.752416
116,56.773,OK,1770975927.811557
117,57.659,OK,1770975927.871252
118,58.043,OK,1770975927.931210
119,58.289,OK,1770975927.991426
120,57.745,OK,1770975928.051409
121,56.970,OK,1770975928.110503
122,54.539,OK,1770975928.167415
123,52.751,OK,1770975928.222404
124,67.612,OK,1770975928.292398
125,55.558,OK,1770975928.351448
126,43.880,OK,1770975928.397440
127,77.250,OK,1770975928.477209
128,71.278,OK,1770975928.551536
129,56.369,OK,1770975928.611407
130,57.808,OK,1770975928.671520
131,57.651,OK,1770975928.731488
132,57.777,OK,1770975928.791414
133,59.637,OK,1770975928.853256
134,56.301,OK,1770975928.911460
135,57.794,OK,1770975928.971420
136,59.578,OK,1770975929.033268
137,56.205,OK,1770975929.091445
138,59.915,OK,1770975929.153232
139,57.931,OK,1770975929.214423
140,54.704,OK,1770975929.271441
141,59.760,OK,1770975929.333375
142,56.632,OK,1770975929.393454
143,55.765,OK,1770975929.451451
144,53.721,OK,1770975929.507451
145,61.773,OK,1770975929.571449
146,58.377,OK,1770975929.633237
147,49.970,OK,1770975929.685114
148,53.397,OK,1770975929.740286
149,69.179,OK,1770975929.811326
150,59.540,OK,1770975929.874362
151,56.877,OK,1770975929.933461
152,55.835,OK,1770975929.991480
153,57.773,OK,1770975930.051394
154,80.807,OK,1770975930.137513
155,65.344,OK,1770975930.206235
156,62.013,OK,1770975930.271512
157,76.242,OK,1770975930.351331
158,56.832,OK,1770975930.411486
159,57.681,OK,1770975930.471431
160,57.647,OK,1770975930.531355
161,58.925,OK,1770975930.592444
162,65.767,OK,1770975930.660471
163,74.697,OK,1770975930.738467
164,68.385,OK,1770975930.810344
165,58.060,OK,1770975930.871220
166,59.171,OK,1770975930.932487
167,57.788,OK,1770975930.992471
168,57.660,OK,1770975931.052435
169,57.858,OK,1770975931.112492
170,57.652,OK,1770975931.172457
171,56.771,OK,1770975931.231439
172,57.643,OK,1770975931.291489
173,62.486,OK,1770975931.356108
174,49.088,OK,1770975931.408181
175,63.492,OK,1770975931.473258
176,61.810,OK,1770975931.538354
177,69.820,OK,1770975931.611499
178,57.352,OK,1770975931.672290
179,58.417,OK,1770975931.732492
180,57.836,OK,1770975931.792496
181,57.619,OK,1770975931.852278
182,57.136,OK,1770975931.911498
183,57.640,OK,1770975931.971221
184,50.962,OK,1770975932.024270
185,66.288,OK,1770975932.092458
186,47.313,OK,1770975932.143414
187,72.003,OK,1770975932.217444
188,69.404,OK,1770975932.290470
189,58.595,OK,1770975932.352431
190,57.777,OK,1770975932.412537
191,57.773,OK,1770975932.472547
192,57.562,OK,1770975932.532274
193,57.336,OK,1770975932.591307
194,59.220,OK,1770975932.652465
195,57.856,OK,1770975932.712418
196,57.903,OK,1770975932.772470
197,56.822,OK,1770975932.831479
198,57.748,OK,1770975932.891446
199,57.824,OK,1770975932.951522
200,59.796,OK,1770975933.013483
201,54.734,OK,1770975933.071454
202,57.580,OK,1770975933.131263
203,58.335,OK,1770975933.191356
204,51.950,OK,1770975933.245355
205,48.996,OK,1770975933.296506
206,73.748,OK,1770975933.372581
207,55.612,OK,1770975933.431484
208,58.737,OK,1770975933.492533
209,57.782,OK,1770975933.552444
210,59.744,OK,1770975933.614493
211,54.830,OK,1770975933.671597
212,57.297,OK,1770975933.731251
213,58.619,OK,1770975933.791533
214,57.324,OK,1770975933.851508
215,57.877,OK,1770975933.911516
216,58.760,OK,1770975933.972498
217,56.850,OK,1770975934.031477
218,58.737,OK,1770975934.092505
219,63.891,OK,1770975934.158510
220,49.597,OK,1770975934.211504
221,57.558,OK,1770975934.271265
222,63.224,OK,1770975934.336340
223,73.129,OK,1770975934.412524
224,55.502,OK,1770975934.471512
225,57.810,OK,1770975934.531516
226,57.667,OK,1770975934.591487
227,46.864,OK,1770975934.640526
228,69.604,OK,1770975934.712340
229,56.189,OK,1770975934.771621
230,57.510,OK,1770975934.831532
231,57.699,OK,1770975934.891302
232,58.383,OK,1770975934.951582
233,59.569,OK,1770975935.013486
234,56.632,OK,1770975935.072464
235,56.632,OK,1770975935.131507
236,61.636,OK,1770975935.195433
237,52.550,OK,1770975935.251487
238,58.723,OK,1770975935.312506
239,56.634,OK,1770975935.371537
240,57.355,OK,1770975935.431208
241,58.183,OK,1770975935.491282
242,59.279,OK,1770975935.552572
243,56.586,OK,1770975935.611501
244,52.480,OK,1770975935.666394
245,62.786,OK,1770975935.731498
246,64.423,OK,1770975935.799468
247,68.477,OK,1770975935.871510
248,56.420,OK,1770975935.931522
249,57.382,OK,1770975935.991216
250,57.204,OK,1770975936.050306
251,58.946,OK,1770975936.111251
252,57.004,OK,1770975936.170483
253,58.595,OK,1770975936.231514
254,77.724,OK,1770975936.311512
255,57.401,OK,1770975936.372539
256,56.594,OK,1770975936.431514
257,57.683,OK,1770975936.491552
258,57.729,OK,1770975936.551507
259,58.395,OK,1770975936.612309
260,57.221,OK,1770975936.671292
261,59.186,OK,1770975936.732530
262,50.758,OK,1770975936.785522
263,68.617,OK,1770975936.856481
264,71.310,OK,1770975936.931353
265,57.803,OK,1770975936.992485
266,58.768,OK,1770975937.053475
267,56.649,OK,1770975937.112473
268,57.372,OK,1770975937.172276
269,58.309,OK,1770975937.232401
270,57.734,OK,1770975937.292356
271,57.123,OK,1770975937.351543
272,52.522,OK,1770975937.406539
273,65.589,OK,1770975937.474476
274,54.404,OK,1770975937.532436
275,57.550,OK,1770975937.592527
276,57.646,OK,1770975937.652558
277,58.529,OK,1770975937.713380
278,62.866,OK,1770975937.778322
279,71.117,OK,1770975937.852579
280,55.324,OK,1770975937.911557
281,58.541,OK,1770975937.972543
282,56.466,OK,1770975938.031508
283,58.521,OK,1770975938.092522
284,56.593,OK,1770975938.151496
285,57.583,OK,1770975938.211546
286,57.521,OK,1770975938.271527
287,57.352,OK,1770975938.331368
288,58.001,OK,1770975938.391352
289,58.895,OK,1770975938.452525
290,56.633,OK,1770975938.511530
291,57.610,OK,1770975938.571533
292,57.799,OK,1770975938.631748
293,57.447,OK,1770975938.691636
294,57.371,OK,1770975938.751594
295,57.217,OK,1770975938.811329
296,57.678,OK,1770975938.871270
297,57.888,OK,1770975938.931309
298,56.818,OK,1770975938.990348
299,60.987,OK,1770975939.053300
300,54.826,OK,1770975939.111528
301,57.514,OK,1770975939.171576
302,49.497,OK,1770975939.223519
303,65.734,OK,1770975939.291525
304,56.777,OK,1770975939.352014
305,49.821,OK,1770975939.404550
306,64.589,OK,1770975939.471483
307,56.185,OK,1770975939.531299
308,58.023,OK,1770975939.591340
309,59.044,OK,1770975939.652582
310,56.763,OK,1770975939.711874
311,57.141,OK,1770975939.771504
312,57.552,OK,1770975939.831481
313,56.486,OK,1770975939.890544
314,58.568,OK,1770975939.951484
315,57.612,OK,1770975940.011533
316,57.634,OK,1770975940.071562
317,57.314,OK,1770975940.131361
318,56.920,OK,1770975940.190300
319,58.048,OK,1770975940.250499
320,58.666,OK,1770975940.311532
321,57.587,OK,1770975940.371531
322,57.651,OK,1770975940.431495
323,57.564,OK,1770975940.491462
324,57.801,OK,1770975940.551565
325,57.868,OK,1770975940.611619
326,56.467,OK,1770975940.670369
327,57.852,OK,1770975940.731359
328,57.918,OK,1770975940.791356
329,58.071,OK,1770975940.851621
330,51.139,OK,1770975940.905266
331,49.033,OK,1770975940.956500
332,52.628,OK,1770975941.011542
333,51.594,OK,1770975941.065514
334,63.667,OK,1770975941.131530
335,56.195,OK,1770975941.191535
336,47.435,OK,1770975941.241319
337,68.249,OK,1770975941.311394
338,62.875,OK,1770975941.377596
339,72.408,OK,1770975941.453509
340,54.508,OK,1770975941.511574
341,57.735,OK,1770975941.571556
342,54.651,OK,1770975941.628516
343,60.826,OK,1770975941.691616
344,56.486,OK,1770975941.751589
345,59.314,OK,1770975941.813227
346,55.903,OK,1770975941.871320
347,58.090,OK,1770975941.931316
348,58.171,OK,1770975941.991537
349,57.698,OK,1770975942.051564
350,57.820,OK,1770975942.111583
351,57.646,OK,1770975942.171607
352,57.767,OK,1770975942.231570
353,57.693,OK,1770975942.291562
354,58.965,OK,1770975942.352706
355,56.337,OK,1770975942.411390
356,58.039,OK,1770975942.471326
357,58.419,OK,1770975942.531563
358,57.710,OK,1770975942.591559
359,57.709,OK,1770975942.651534
360,57.776,OK,1770975942.711628
361,57.557,OK,1770975942.771574
362,57.815,OK,1770975942.831596
363,57.692,OK,1770975942.891619
364,57.549,OK,1770975942.951586
365,57.272,OK,1770975943.011423
366,57.907,OK,1770975943.071300
367,58.160,OK,1770975943.131554
368,57.667,OK,1770975943.191589
369,57.702,OK,1770975943.251587
370,58.573,OK,1770975943.312595
371,56.748,OK,1770975943.371565
372,57.545,OK,1770975943.431517
373,57.747,OK,1770975943.491553
374,57.432,OK,1770975943.551318
375,59.031,OK,1770975943.612316
376,57.169,OK,1770975943.671362
377,58.131,OK,1770975943.731592
378,56.662,OK,1770975943.790564
379,59.806,OK,1770975943.852625
380,55.238,OK,1770975943.911415
381,58.249,OK,1770975943.971669
382,63.674,OK,1770975944.037576
383,70.435,OK,1770975944.111591
384,56.292,OK,1770975944.171316
385,57.981,OK,1770975944.231268
386,57.365,OK,1770975944.290613
387,58.538,OK,1770975944.351599
388,58.796,OK,1770975944.412576
389,56.680,OK,1770975944.471568
390,57.745,OK,1770975944.531563
391,58.774,OK,1770975944.592614
392,51.711,OK,1770975944.646585
393,62.580,OK,1770975944.711384
394,57.850,OK,1770975944.772334
395,56.686,OK,1770975944.831362
396,57.370,OK,1770975944.890715
397,58.689,OK,1770975944.951662
398,57.766,OK,1770975945.011634
399,58.622,OK,1770975945.072537
400,56.811,OK,1770975945.131598
401,57.697,OK,1770975945.191569
402,45.811,OK,1770975945.239645
403,69.493,OK,1770975945.311371
404,56.957,OK,1770975945.371327
405,78.402,OK,1770975945.451603
406,56.540,OK,1770975945.511609
407,57.539,OK,1770975945.571546
408,57.820,OK,1770975945.631608
409,58.628,OK,1770975945.692641
410,56.757,OK,1770975945.751690
411,57.559,OK,1770975945.811583
412,56.607,OK,1770975945.870600
413,46.275,OK,1770975945.919347
414,76.524,OK,1770975945.997718
415,71.221,OK,1770975946.072646
416,55.448,OK,1770975946.131557
417,67.749,OK,1770975946.201631
418,65.524,OK,1770975946.270575
419,63.461,OK,1770975946.337635
420,49.484,OK,1770975946.390560
421,58.854,OK,1770975946.451549
422,57.444,OK,1770975946.511369
423,58.489,OK,1770975946.571612
424,57.847,OK,1770975946.631558
425,56.535,OK,1770975946.690635
426,78.964,OK,1770975946.772050
427,57.105,OK,1770975946.832602
428,56.777,OK,1770975946.891677
429,56.596,OK,1770975946.950607
430,58.485,OK,1770975947.011633
431,57.640,OK,1770975947.071404
432,58.045,OK,1770975947.131376
433,58.175,OK,1770975947.191550
434,57.621,OK,1770975947.251676
435,55.550,OK,1770975947.309619
436,59.489,OK,1770975947.371594
437,56.675,OK,1770975947.430675
438,59.383,OK,1770975947.492600
439,55.691,OK,1770975947.550701
440,60.373,OK,1770975947.613555
441,54.304,OK,1770975947.671353
442,59.508,OK,1770975947.732700
443,56.691,OK,1770975947.791643
444,58.769,OK,1770975947.852609
445,62.848,OK,1770975947.917636
446,71.562,OK,1770975947.992616
447,54.612,OK,1770975948.050619
448,58.758,OK,1770975948.111597
449,56.703,OK,1770975948.170637
450,47.691,OK,1770975948.220439
451,68.194,OK,1770975948.290533
452,58.017,OK,1770975948.351687
453,63.411,OK,1770975948.417643
454,70.583,OK,1770975948.491650
455,57.498,OK,1770975948.552635
456,57.711,OK,1770975948.612632
457,56.904,OK,1770975948.671728
458,57.653,OK,1770975948.731720
459,57.375,OK,1770975948.791414
460,57.980,OK,1770975948.851354
461,58.154,OK,1770975948.911459
462,58.142,OK,1770975948.971595
463,57.776,OK,1770975949.031592
464,58.833,OK,1770975949.092583
465,56.858,OK,1770975949.151644
466,58.794,OK,1770975949.212656
467,57.903,OK,1770975949.272710
468,56.747,OK,1770975949.331627
469,57.675,OK,1770975949.391460
470,59.247,OK,1770975949.452445
471,58.137,OK,1770975949.512611
472,56.872,OK,1770975949.571585
473,57.788,OK,1770975949.631631
474,57.481,OK,1770975949.691421
475,58.228,OK,1770975949.751640
476,57.853,OK,1770975949.811640
477,56.482,OK,1770975949.870519
478,58.037,OK,1770975949.930655
479,58.439,OK,1770975949.991332
480,58.206,OK,1770975950.051420
481,57.070,OK,1770975950.110615
482,58.051,OK,1770975950.170710
483,57.543,OK,1770975950.230723
484,58.821,OK,1770975950.291667
485,57.844,OK,1770975950.351645
486,57.868,OK,1770975950.411704
487,57.928,OK,1770975950.471667
488,63.541,OK,1770975950.537376
489,70.223,OK,1770975950.610453
490,58.093,OK,1770975950.671722
491,56.636,OK,1770975950.730634
492,58.645,OK,1770975950.791654
493,57.820,OK,1770975950.851667
494,57.905,OK,1770975950.911682
495,57.947,OK,1770975950.971658
496,57.667,OK,1770975951.031626
497,57.368,OK,1770975951.091373
498,58.203,OK,1770975951.151335
499,57.127,OK,1770975951.210497
500,59.056,OK,1770975951.271604
501,56.738,OK,1770975951.330662
502,58.879,OK,1770975951.391608
503,57.601,OK,1770975951.451627
504,56.865,OK,1770975951.510587
505,57.715,OK,1770975951.570675
506,58.982,OK,1770975951.631691
507,56.675,OK,1770975951.690500
508,60.162,OK,1770975951.752398
509,57.057,OK,1770975951.812701
510,56.893,OK,1770975951.871640
511,57.858,OK,1770975951.931715
512,57.907,OK,1770975951.991728
513,57.440,OK,1770975952.051632
514,57.997,OK,1770975952.111637
515,43.844,OK,1770975952.157674
516,50.867,OK,1770975952.210642
517,58.671,OK,1770975952.271442
518,57.279,OK,1770975952.330428
519,59.343,OK,1770975952.391682
520,57.806,OK,1770975952.451609
521,56.969,OK,1770975952.510762
522,58.831,OK,1770975952.571650
523,57.827,OK,1770975952.631621
524,57.661,OK,1770975952.691455
525,58.149,OK,1770975952.751679
526,57.616,OK,1770975952.811665
527,63.657,OK,1770975952.877402
528,71.121,OK,1770975952.951522
529,55.806,OK,1770975953.010652
530,58.541,OK,1770975953.071609
531,57.768,OK,1770975953.131698
532,57.753,OK,1770975953.191666
533,57.760,OK,1770975953.251654
534,57.747,OK,1770975953.311641
535,56.992,OK,1770975953.370702
536,63.450,OK,1770975953.436401
537,52.140,OK,1770975953.491536
538,65.910,OK,1770975953.559472
539,69.826,OK,1770975953.632667
540,56.606,OK,1770975953.692767
541,56.570,OK,1770975953.751625
542,57.782,OK,1770975953.811680
543,64.570,OK,1770975953.878674
544,71.611,OK,1770975953.953719
545,54.499,OK,1770975954.011452
546,57.047,OK,1770975954.070402
547,59.449,OK,1770975954.131705
548,58.748,OK,1770975954.192662
549,55.993,OK,1770975954.250669
550,57.733,OK,1770975954.310772
551,62.773,OK,1770975954.375678
552,52.473,OK,1770975954.431663
553,58.924,OK,1770975954.492669
554,56.874,OK,1770975954.551730
555,58.535,OK,1770975954.612439
556,48.186,OK,1770975954.662518
557,68.150,OK,1770975954.732592
558,61.635,OK,1770975954.797678
559,71.782,OK,1770975954.872746
560,56.485,OK,1770975954.932693
561,57.882,OK,1770975954.992709
562,59.642,OK,1770975955.054642
563,75.861,OK,1770975955.132670
564,56.274,OK,1770975955.192439
565,46.250,OK,1770975955.240483
566,69.270,OK,1770975955.311764
567,77.568,OK,1770975955.392676
568,75.554,OK,1770975955.471718
569,56.728,OK,1770975955.531756
570,57.724,OK,1770975955.591690
571,58.879,OK,1770975955.652712
572,57.428,OK,1770975955.712540
573,56.831,OK,1770975955.771516
574,58.034,OK,1770975955.831387
575,58.756,OK,1770975955.891851
576,59.546,OK,1770975955.953686
577,66.017,OK,1770975956.021719
578,66.602,OK,1770975956.091729
579,56.688,OK,1770975956.151638
580,57.758,OK,1770975956.211647
581,57.974,OK,1770975956.271718
582,57.449,OK,1770975956.331466
583,58.087,OK,1770975956.391500
584,58.308,OK,1770975956.451758
585,50.510,OK,1770975956.504693
586,44.636,OK,1770975956.551680
587,57.649,OK,1770975956.611713
588,63.958,OK,1770975956.677801
589,50.314,OK,1770975956.731741
590,63.601,OK,1770975956.797676
591,50.481,OK,1770975956.851696
592,57.482,OK,1770975956.911489
593,58.066,OK,1770975956.971524
594,58.353,OK,1770975957.031742
595,58.611,OK,1770975957.092716
596,58.000,OK,1770975957.152815
597,56.761,OK,1770975957.211729
598,63.889,OK,1770975957.277691
599,69.519,OK,1770975957.350652
600,57.272,OK,1770975957.410833
601,64.593,OK,1770975957.477509
602,69.750,OK,1770975957.550492
603,58.810,OK,1770975957.612714
604,56.893,OK,1770975957.671810
605,58.745,OK,1770975957.732800
606,56.942,OK,1770975957.792049
607,59.454,OK,1770975957.853626
608,55.913,OK,1770975957.911735
609,58.827,OK,1770975957.972747
610,56.541,OK,1770975958.031397
611,58.284,OK,1770975958.091429
612,42.258,OK,1770975958.135487
613,54.292,OK,1770975958.191689
614,58.760,OK,1770975958.252682
615,57.899,OK,1770975958.312737
616,56.865,OK,1770975958.371714
617,57.034,OK,1770975958.430787
618,58.898,OK,1770975958.491714
619,57.050,OK,1770975958.550741
620,144.751,OK,1770975958.697568
621,51.025,OK,1770975958.751706
622,57.936,OK,1770975958.811729
623,57.902,OK,1770975958.871747
624,57.542,OK,1770975958.931752
625,57.715,OK,1770975958.991737
626,57.878,OK,1770975959.051740
627,57.936,OK,1770975959.111739
628,57.836,OK,1770975959.171744
629,57.482,OK,1770975959.231507
630,57.184,OK,1770975959.290539
631,59.123,OK,1770975959.351666
632,52.802,OK,1770975959.406745
633,62.809,OK,1770975959.471758
634,53.475,OK,1770975959.531721
635,58.064,OK,1770975959.591842
636,56.445,OK,1770975959.650726
637,57.803,OK,1770975959.710580
638,59.011,OK,1770975959.771564
639,64.080,OK,1770975959.837458
640,45.094,OK,1770975959.885537
641,64.342,OK,1770975959.951810
642,55.635,OK,1770975960.010817
643,50.845,OK,1770975960.063888
644,65.535,OK,1770975960.131763
645,56.413,OK,1770975960.191529
646,56.238,OK,1770975960.249729
647,50.744,OK,1770975960.302628
648,65.870,OK,1770975960.370744
649,56.272,OK,1770975960.430466
650,59.532,OK,1770975960.491742
651,52.174,OK,1770975960.545742
652,69.848,OK,1770975960.617747
653,60.804,OK,1770975960.681803
654,66.569,OK,1770975960.751762
655,55.690,OK,1770975960.810711
656,48.825,OK,1770975960.861742
657,67.700,OK,1770975960.931767
658,56.336,OK,1770975960.991498
659,52.358,OK,1770975961.045564
660,65.162,OK,1770975961.112728
661,49.694,OK,1770975961.165740
662,64.824,OK,1770975961.232725
663,49.477,OK,1770975961.285818
664,64.613,OK,1770975961.352711
665,48.625,OK,1770975961.404765
666,63.863,OK,1770975961.470772
667,56.548,OK,1770975961.530751
668,58.522,OK,1770975961.591477
669,52.033,OK,1770975961.645480
670,58.386,OK,1770975961.705780
671,62.569,OK,1770975961.770791
672,57.990,OK,1770975961.832201
673,57.148,OK,1770975961.891732
674,58.034,OK,1770975961.951792
675,57.617,OK,1770975962.011715
676,57.942,OK,1770975962.071749
677,57.277,OK,1770975962.131445
678,51.329,OK,1770975962.184436
679,65.059,OK,1770975962.251514
680,58.035,OK,1770975962.312744
681,56.589,OK,1770975962.371772
682,58.725,OK,1770975962.432764
683,56.717,OK,1770975962.491735
684,51.754,OK,1770975962.545801
685,63.737,OK,1770975962.611770
686,55.378,OK,1770975962.670529
687,59.038,OK,1770975962.731495
688,52.223,OK,1770975962.785556
689,64.304,OK,1770975962.851801
690,56.550,OK,1770975962.911759
691,57.779,OK,1770975962.971713
692,62.772,OK,1770975963.036777
693,49.252,OK,1770975963.089726
694,61.713,OK,1770975963.153758
695,53.860,OK,1770975963.210907
696,57.440,OK,1770975963.270687
697,64.786,OK,1770975963.337560
698,71.407,OK,1770975963.411825
699,56.421,OK,1770975963.471798
700,57.700,OK,1770975963.531766
701,57.828,OK,1770975963.591743
702,57.777,OK,1770975963.651700
703,59.870,OK,1770975963.713668
704,53.826,OK,1770975963.770734
705,57.863,OK,1770975963.830778
706,57.655,OK,1770975963.890526
707,59.492,OK,1770975963.951835
708,58.919,OK,1770975964.012838
709,56.663,OK,1770975964.071739
710,57.924,OK,1770975964.131734
711,57.790,OK,1770975964.191697
712,58.027,OK,1770975964.251748
713,57.867,OK,1770975964.311816
714,58.020,OK,1770975964.372050
715,57.649,OK,1770975964.431813
716,59.421,OK,1770975964.493498
717,56.262,OK,1770975964.551606
718,58.118,OK,1770975964.611709
719,56.873,OK,1770975964.670605
720,82.250,OK,1770975964.754815
721,52.473,OK,1770975964.810751
722,57.876,OK,1770975964.870879
723,57.386,OK,1770975964.930787
724,58.635,OK,1770975964.991787
725,56.745,OK,1770975965.050542
726,60.131,OK,1770975965.112609
727,54.979,OK,1770975965.170758
728,58.634,OK,1770975965.231747
729,57.075,OK,1770975965.290898
730,57.757,OK,1770975965.350777
731,58.890,OK,1770975965.411801
732,56.761,OK,1770975965.470794
733,57.873,OK,1770975965.530825
734,57.745,OK,1770975965.590798
735,57.449,OK,1770975965.650509
736,59.255,OK,1770975965.711528
737,69.385,OK,1770975965.782728
738,64.740,OK,1770975965.850801
739,56.502,OK,1770975965.910813
740,57.951,OK,1770975965.970835
741,58.782,OK,1770975966.031856
742,57.679,OK,1770975966.091785
743,56.653,OK,1770975966.150811
744,58.565,OK,1770975966.211609
745,58.140,OK,1770975966.271565
746,58.289,OK,1770975966.331801
747,58.783,OK,1770975966.392811
748,56.631,OK,1770975966.451823
749,57.884,OK,1770975966.511808
750,56.856,OK,1770975966.570832
751,58.796,OK,1770975966.631813
752,52.521,OK,1770975966.686580
753,63.025,OK,1770975966.751801
754,55.409,OK,1770975966.810596
755,52.722,OK,1770975966.865026
756,63.441,OK,1770975966.930866
757,51.813,OK,1770975966.985940
758,56.652,OK,1770975967.044795
759,58.884,OK,1770975967.105815
760,63.648,OK,1770975967.171777
761,45.609,OK,1770975967.220789
762,68.935,OK,1770975967.291977
763,51.435,OK,1770975967.346860
764,62.585,OK,1770975967.411561
765,71.229,OK,1770975967.485790
766,57.504,OK,1770975967.546823
767,57.659,OK,1770975967.606835
768,57.519,OK,1770975967.666625
769,63.046,OK,1770975967.731747
770,51.650,OK,1770975967.786763
771,55.894,OK,1770975967.844866
772,64.532,OK,1770975967.911659
773,56.578,OK,1770975967.971546
774,52.238,OK,1770975968.025609
775,64.072,OK,1770975968.091796
776,55.627,OK,1770975968.150801
777,58.783,OK,1770975968.211808
778,57.641,OK,1770975968.271811
779,57.676,OK,1770975968.331742
780,58.745,OK,1770975968.392766
781,56.797,OK,1770975968.451820
782,57.380,OK,1770975968.511504
783,57.860,OK,1770975968.571539
784,58.194,OK,1770975968.631610
785,58.266,OK,1770975968.691894
786,51.622,OK,1770975968.745820
787,57.737,OK,1770975968.805785
788,57.721,OK,1770975968.865775
789,63.756,OK,1770975968.931783
790,55.682,OK,1770975968.990822
791,58.599,OK,1770975969.051851
792,57.365,OK,1770975969.111602
793,55.866,OK,1770975969.171622
794,47.152,OK,1770975969.220856
795,68.532,OK,1770975969.291757
796,50.667,OK,1770975969.345893
797,65.536,OK,1770975969.413757
798,54.606,OK,1770975969.471751
799,57.747,OK,1770975969.531797
800,57.656,OK,1770975969.591826
801,57.690,OK,1770975969.651870
802,44.428,OK,1770975969.698653
803,53.154,OK,1770975969.753619
804,50.196,OK,1770975969.805762
805,58.775,OK,1770975969.866821
806,62.659,OK,1770975969.931777
807,55.532,OK,1770975969.990830
808,57.636,OK,1770975970.050836
809,46.655,OK,1770975970.099931
810,48.273,OK,1770975970.150815
811,58.657,OK,1770975970.211833
812,56.348,OK,1770975970.270611
813,59.118,OK,1770975970.331879
814,57.436,OK,1770975970.391871
815,56.568,OK,1770975970.450850
816,58.571,OK,1770975970.511835
817,57.754,OK,1770975970.571976
818,58.405,OK,1770975970.632846
819,55.795,OK,1770975970.690961
820,58.418,OK,1770975970.751886
821,57.780,OK,1770975970.811823
822,57.406,OK,1770975970.871621
823,58.081,OK,1770975970.931634
824,58.124,OK,1770975970.991822
825,77.640,OK,1770975971.071827
826,57.521,OK,1770975971.132874
827,55.693,OK,1770975971.190861
828,58.684,OK,1770975971.251909
829,57.612,OK,1770975971.311844
830,56.667,OK,1770975971.370810
831,59.437,OK,1770975971.432541
832,56.288,OK,1770975971.490722
833,59.191,OK,1770975971.551847
834,57.740,OK,1770975971.611904
835,57.574,OK,1770975971.671903
836,57.606,OK,1770975971.731830
837,57.774,OK,1770975971.791847
838,56.840,OK,1770975971.850895
839,58.483,OK,1770975971.911794
840,57.787,OK,1770975971.971853
841,56.529,OK,1770975972.030635
842,58.169,OK,1770975972.090640
843,64.203,OK,1770975972.157164
844,50.185,OK,1770975972.210860
845,57.843,OK,1770975972.270877
846,46.913,OK,1770975972.320029
847,68.435,OK,1770975972.390849
848,56.494,OK,1770975972.450821
849,58.659,OK,1770975972.511860
850,57.433,OK,1770975972.571646
851,58.450,OK,1770975972.631902
852,57.578,OK,1770975972.691934
853,60.549,OK,1770975972.754846
854,72.568,OK,1770975972.830917
855,56.505,OK,1770975972.890860
856,57.686,OK,1770975972.950886
857,57.696,OK,1770975973.010879
858,58.917,OK,1770975973.071846
859,56.683,OK,1770975973.130902
860,58.554,OK,1770975973.191668
861,57.203,OK,1770975973.250707
862,58.950,OK,1770975973.311822
863,50.711,OK,1770975973.364955
864,64.505,OK,1770975973.431866
865,76.511,OK,1770975973.511887
866,117.561,OK,1770975973.632901
867,55.064,OK,1770975973.691642
868,58.044,OK,1770975973.751631
869,57.970,OK,1770975973.811701
870,58.084,OK,1770975973.871658
871,58.235,OK,1770975973.931884
872,63.551,OK,1770975973.997868
873,49.540,OK,1770975974.050914
874,57.400,OK,1770975974.110888
875,64.678,OK,1770975974.177879
876,49.658,OK,1770975974.231011
877,60.295,OK,1770975974.293582
878,54.129,OK,1770975974.350644
879,59.526,OK,1770975974.411953
880,58.655,OK,1770975974.472855
881,56.719,OK,1770975974.531903
882,56.858,OK,1770975974.591056
883,61.826,OK,1770975974.654901
884,81.509,OK,1770975974.740031
885,70.513,OK,1770975974.813874
886,48.592,OK,1770975974.865927
887,63.620,OK,1770975974.931679
888,57.060,OK,1770975974.991652
889,51.380,OK,1770975975.044847
890,57.833,OK,1770975975.104855
891,57.953,OK,1770975975.164919
892,64.879,OK,1770975975.231900
893,55.647,OK,1770975975.290916
894,58.717,OK,1770975975.351840
895,50.934,OK,1770975975.404977
896,63.499,OK,1770975975.470686
897,57.328,OK,1770975975.530968
898,99.591,OK,1770975975.632922
899,55.466,OK,1770975975.691957
900,62.756,OK,1770975975.756889
901,70.334,OK,1770975975.830651
902,57.947,OK,1770975975.891882
903,56.646,OK,1770975975.950849
904,57.733,OK,1770975976.010976
905,49.441,OK,1770975976.062644
906,68.551,OK,1770975976.132964
907,54.434,OK,1770975976.190941
908,77.558,OK,1770975976.270849
909,57.586,OK,1770975976.331894
910,62.830,OK,1770975976.396919
911,71.460,OK,1770975976.471850
912,56.475,OK,1770975976.531862
913,52.713,OK,1770975976.586869
914,63.643,OK,1770975976.652665
915,55.963,OK,1770975976.711668
916,59.416,OK,1770975976.772861
917,55.712,OK,1770975976.830824
918,46.848,OK,1770975976.880030
919,69.585,OK,1770975976.951896
920,57.473,OK,1770975977.012901
921,55.809,OK,1770975977.070970
922,57.688,OK,1770975977.130916
923,63.480,OK,1770975977.196694
924,74.263,OK,1770975977.273962
925,53.386,OK,1770975977.330900
926,57.751,OK,1770975977.390863
927,57.847,OK,1770975977.451021
928,58.515,OK,1770975977.511872
929,56.750,OK,1770975977.570936
930,60.813,OK,1770975977.633903
931,54.272,OK,1770975977.691711
932,58.247,OK,1770975977.751873
933,58.520,OK,1770975977.812760
934,57.974,OK,1770975977.872713
935,57.142,OK,1770975977.931910
936,58.685,OK,1770975977.992909
937,55.649,OK,1770975978.050922
938,57.756,OK,1770975978.110826
939,64.836,OK,1770975978.177933
940,69.459,OK,1770975978.250890
941,57.545,OK,1770975978.311912
942,56.544,OK,1770975978.370607
943,61.318,OK,1770975978.433751
944,54.045,OK,1770975978.490941
945,59.769,OK,1770975978.552943
946,54.573,OK,1770975978.610933
947,56.906,OK,1770975978.672945
948,69.815,OK,1770975978.750867
949,71.947,OK,1770975978.832012
950,70.767,OK,1770975978.911910
951,74.438,OK,1770975978.992696
952,56.109,OK,1770975979.051881
953,58.872,OK,1770975979.112954
954,56.791,OK,1770975979.171895
955,58.828,OK,1770975979.232873
956,56.904,OK,1770975979.291875
957,57.739,OK,1770975979.351924
958,57.749,OK,1770975979.411927
959,58.725,OK,1770975979.472889
960,56.592,OK,1770975979.531689
961,58.304,OK,1770975979.591753
962,58.436,OK,1770975979.651917
963,58.442,OK,1770975979.712713
964,57.209,OK,1770975979.771929
965,60.112,OK,1770975979.834216
966,54.029,OK,1770975979.891699
967,58.307,OK,1770975979.951909
968,57.982,OK,1770975980.012099
969,57.771,OK,1770975980.071954
970,57.772,OK,1770975980.131874
971,59.205,OK,1770975980.192740
972,78.436,OK,1770975980.273061
973,60.495,OK,1770975980.336930
974,71.604,OK,1770975980.411936
975,57.611,OK,1770975980.472948
976,79.690,OK,1770975980.554895
977,52.856,OK,1770975980.611727
978,59.625,OK,1770975980.673203
979,56.185,OK,1770975980.731607
980,58.276,OK,1770975980.791648
981,51.511,OK,1770975980.845006
982,66.548,OK,1770975980.913840
983,56.160,OK,1770975980.973114
984,56.726,OK,1770975981.031953
985,58.079,OK,1770975981.092038
986,51.554,OK,1770975981.145876
987,63.823,OK,1770975981.211956
988,56.521,OK,1770975981.271897
989,57.786,OK,1770975981.331830
990,51.897,OK,1770975981.385734
991,62.983,OK,1770975981.450672
992,58.172,OK,1770975981.511925
993,59.848,OK,1770975981.574034
994,48.650,OK,1770975981.626046
995,56.763,OK,1770975981.685033
996,64.355,OK,1770975981.751962
997,56.677,OK,1770975981.811976
998,57.802,OK,1770975981.871962
999,57.664,OK,1770975981.931711
1000,59.398,OK,1770975981.992800
1001,57.296,OK,1770975982.051974
1002,57.754,OK,1770975982.112003
1003,57.757,OK,1770975982.171966
1004,56.973,OK,1770975982.231220
1005,58.597,OK,1770975982.291970
1006,59.873,OK,1770975982.353946
1007,55.646,OK,1770975982.412957
1008,97.537,OK,1770975982.512714
1009,56.982,OK,1770975982.572638
1010,56.487,OK,1770975982.630923
1011,61.047,OK,1770975982.694040
1012,53.367,OK,1770975982.750942
1013,58.919,OK,1770975982.811996
1014,56.494,OK,1770975982.870728
1015,59.615,OK,1770975982.931949
1016,57.687,OK,1770975982.991903
1017,57.889,OK,1770975983.051925
1018,58.593,OK,1770975983.112675
1019,57.497,OK,1770975983.171773
1020,58.184,OK,1770975983.232007
1021,56.753,OK,1770975983.290951
1022,59.418,OK,1770975983.352946
1023,57.921,OK,1770975983.413017
1024,57.582,OK,1770975983.472936
1025,59.739,OK,1770975983.534925
1026,73.587,OK,1770975983.612010
1027,56.458,OK,1770975983.671714
1028,58.238,OK,1770975983.731754
1029,58.411,OK,1770975983.791945
1030,57.821,OK,1770975983.851968
1031,58.180,OK,1770975983.911974
1032,58.788,OK,1770975983.972933
1033,76.895,OK,1770975984.051870
1034,57.751,OK,1770975984.112962
1035,57.847,OK,1770975984.172952
1036,56.547,OK,1770975984.231781
1037,57.246,OK,1770975984.290680
1038,59.366,OK,1770975984.351751
1039,58.369,OK,1770975984.411955
1040,57.704,OK,1770975984.471965
1041,56.901,OK,1770975984.531061
1042,58.859,OK,1770975984.592038
1043,56.798,OK,1770975984.650954
1044,58.575,OK,1770975984.711790
1045,58.207,OK,1770975984.771973
1046,56.474,OK,1770975984.830701
1047,59.487,OK,1770975984.891792
1048,58.309,OK,1770975984.951878
1049,57.911,OK,1770975985.011969
1050,57.812,OK,1770975985.072008
1051,56.814,OK,1770975985.131022
1052,58.540,OK,1770975985.192015
1053,56.938,OK,1770975985.251040
1054,58.899,OK,1770975985.312017
1055,63.768,OK,1770975985.377938
1056,71.247,OK,1770975985.452666
1057,56.280,OK,1770975985.511771
1058,58.361,OK,1770975985.572024
1059,57.820,OK,1770975985.631928
1060,57.566,OK,1770975985.691815
1061,57.568,OK,1770975985.751059
1062,58.832,OK,1770975985.812012
1063,57.779,OK,1770975985.871882
1064,57.002,OK,1770975985.930916
1065,65.660,OK,1770975985.998745
1066,69.138,OK,1770975986.070777
1067,58.201,OK,1770975986.132097
1068,57.475,OK,1770975986.191945
1069,58.982,OK,1770975986.253037
1070,56.687,OK,1770975986.312008
1071,56.794,OK,1770975986.370970
1072,47.844,OK,1770975986.420970
1073,59.869,OK,1770975986.483041
1074,65.304,OK,1770975986.551761
1075,57.015,OK,1770975986.611678
1076,58.076,OK,1770975986.671793
1077,77.285,OK,1770975986.750967
1078,56.650,OK,1770975986.810971
1079,83.979,OK,1770975986.897051
1080,76.468,OK,1770975986.977007
1081,71.672,OK,1770975987.052033
1082,56.176,OK,1770975987.112001
1083,57.545,OK,1770975987.171725
1084,44.285,OK,1770975987.217759
1085,51.471,OK,1770975987.271065
1086,58.927,OK,1770975987.332090
1087,57.854,OK,1770975987.392040
1088,57.920,OK,1770975987.452024
1089,57.927,OK,1770975987.512030
1090,57.859,OK,1770975987.572033
1091,58.786,OK,1770975987.632927
1092,56.556,OK,1770975987.691767
1093,64.247,OK,1770975987.757703
1094,71.342,OK,1770975987.831973
1095,55.654,OK,1770975987.891025
1096,57.864,OK,1770975987.951022
1097,57.946,OK,1770975988.011060
1098,58.794,OK,1770975988.072031
1099,57.787,OK,1770975988.132035
1100,56.813,OK,1770975988.191044
1101,57.769,OK,1770975988.250974
1102,46.634,OK,1770975988.299815
1103,76.257,OK,1770975988.377877
1104,70.049,OK,1770975988.451045
1105,57.725,OK,1770975988.512058
1106,71.834,OK,1770975988.586054
1107,62.592,OK,1770975988.652015
1108,56.657,OK,1770975988.712075
1109,56.779,OK,1770975988.771025
1110,57.787,OK,1770975988.830950
1111,57.575,OK,1770975988.890722
1112,49.216,OK,1770975988.944803
1113,64.425,OK,1770975989.011053
1114,56.573,OK,1770975989.071065
1115,52.864,OK,1770975989.126056
1116,68.455,OK,1770975989.197004
1117,65.523,OK,1770975989.266014
1118,57.674,OK,1770975989.327051
1119,62.791,OK,1770975989.392004
1120,57.461,OK,1770975989.452753
1121,57.421,OK,1770975989.511823
1122,52.326,OK,1770975989.566047
1123,62.598,OK,1770975989.630899
1124,57.753,OK,1770975989.690791
1125,53.431,OK,1770975989.745937
1126,63.975,OK,1770975989.812048
1127,76.488,OK,1770975989.891954
1128,56.708,OK,1770975989.952052
1129,56.635,OK,1770975990.010831
1130,59.234,OK,1770975990.071722
1131,58.248,OK,1770975990.131698
1132,57.595,OK,1770975990.191065
1133,58.784,OK,1770975990.252036
1134,56.808,OK,1770975990.311045
1135,51.765,OK,1770975990.365012
1136,69.773,OK,1770975990.437060
1137,70.653,OK,1770975990.511136
1138,56.310,OK,1770975990.571034
1139,58.489,OK,1770975990.631736
1140,57.367,OK,1770975990.690904
1141,58.266,OK,1770975990.750998
1142,57.458,OK,1770975990.811011
1143,57.788,OK,1770975990.870949
1144,58.862,OK,1770975990.932028
1145,56.765,OK,1770975990.991053
1146,51.708,OK,1770975991.045024
1147,57.726,OK,1770975991.105000
1148,63.744,OK,1770975991.170832
1149,57.088,OK,1770975991.230852
1150,57.983,OK,1770975991.290793
1151,50.260,OK,1770975991.343039
1152,87.660,OK,1770975991.433055
1153,50.526,OK,1770975991.487061
1154,59.645,OK,1770975991.549061
1155,48.562,OK,1770975991.600077
1156,48.644,OK,1770975991.651026
1157,77.650,OK,1770975991.731061
1158,56.280,OK,1770975991.790805
1159,58.205,OK,1770975991.850851
1160,58.040,OK,1770975991.911043
1161,51.618,OK,1770975991.964909
1162,64.789,OK,1770975992.032088
1163,55.561,OK,1770975992.091053
1164,57.602,OK,1770975992.151044
1165,57.803,OK,1770975992.211024
1166,43.661,OK,1770975992.257024
1167,44.847,OK,1770975992.304081
1168,65.405,OK,1770975992.371819
1169,56.890,OK,1770975992.431832
1170,57.132,OK,1770975992.491017
1171,57.591,OK,1770975992.550962
1172,48.502,OK,1770975992.602091
1173,66.725,OK,1770975992.671134
1174,57.465,OK,1770975992.732069
1175,56.693,OK,1770975992.790998
1176,58.718,OK,1770975992.852030
1177,56.385,OK,1770975992.910784
1178,58.219,OK,1770975992.970834
1179,58.224,OK,1770975993.031027
1180,58.751,OK,1770975993.092079
1181,57.555,OK,1770975993.152037
1182,62.797,OK,1770975993.217048
1183,70.415,OK,1770975993.291006
1184,57.634,OK,1770975993.352087
1185,56.624,OK,1770975993.411065
1186,57.404,OK,1770975993.470790
1187,59.451,OK,1770975993.531900
1188,59.252,OK,1770975993.592923
1189,116.201,OK,1770975993.711196
1190,56.346,OK,1770975993.770940
1191,58.892,OK,1770975993.832069
1192,57.795,OK,1770975993.892163
1193,57.878,OK,1770975993.952156
1194,57.646,OK,1770975994.012077
1195,57.521,OK,1770975994.071795
1196,266.609,OK,1770975994.340165
1197,68.455,OK,1770975994.412065
1198,55.508,OK,1770975994.471157
1199,58.600,OK,1770975994.532064
1200,56.772,OK,1770975994.591070
1201,57.669,OK,1770975994.650822
1202,57.987,OK,1770975994.710896
1203,50.247,OK,1770975994.763167
1204,66.623,OK,1770975994.832040
1205,55.111,OK,1770975994.890850
1206,60.295,OK,1770975994.953068
1207,55.629,OK,1770975995.012043
1208,49.855,OK,1770975995.064057
1209,64.776,OK,1770975995.131066
1210,56.646,OK,1770975995.191045
1211,77.463,OK,1770975995.270819
1212,57.047,OK,1770975995.330902
1213,58.173,OK,1770975995.391119
1214,57.680,OK,1770975995.451055
1215,58.928,OK,1770975995.512271
1216,62.489,OK,1770975995.577075
1217,72.497,OK,1770975995.653026
1218,55.441,OK,1770975995.711878
1219,57.531,OK,1770975995.771475
1220,58.191,OK,1770975995.831886
1221,58.100,OK,1770975995.891951
1222,70.026,OK,1770975995.964036
1223,64.710,OK,1770975996.032159
1224,55.509,OK,1770975996.091063
1225,59.932,OK,1770975996.153114
1226,81.523,OK,1770975996.238147
1227,70.702,OK,1770975996.312148
1228,55.195,OK,1770975996.370833
1229,50.351,OK,1770975996.422824
1230,66.120,OK,1770975996.490867
1231,56.918,OK,1770975996.551046
1232,57.479,OK,1770975996.611095
1233,58.709,OK,1770975996.672106
1234,57.944,OK,1770975996.732026
1235,58.025,OK,1770975996.792227
1236,57.418,OK,1770975996.852047
1237,57.550,OK,1770975996.912139
1238,56.453,OK,1770975996.970814
1239,79.341,OK,1770975997.051888
1240,55.950,OK,1770975997.111149
1241,57.508,OK,1770975997.171079
1242,59.792,OK,1770975997.233146
1243,54.307,OK,1770975997.291053
1244,77.674,OK,1770975997.371043
1245,57.504,OK,1770975997.432075
1246,56.702,OK,1770975997.491077
1247,57.829,OK,1770975997.551236
1248,57.710,OK,1770975997.610901
1249,59.108,OK,1770975997.672158
1250,56.521,OK,1770975997.731093
1251,57.673,OK,1770975997.791098
1252,58.413,OK,1770975997.851889
1253,58.131,OK,1770975997.912075
1254,56.595,OK,1770975997.971081
1255,57.576,OK,1770975998.031105
1256,58.565,OK,1770975998.092112
1257,56.444,OK,1770975998.150977
1258,57.979,OK,1770975998.210895
1259,58.074,OK,1770975998.271140
1260,59.474,OK,1770975998.333119
1261,55.480,OK,1770975998.391088
1262,57.482,OK,1770975998.451125
1263,57.235,OK,1770975998.511120
1264,57.471,OK,1770975998.571060
1265,57.565,OK,1770975998.631124
1266,57.549,OK,1770975998.691132
1267,59.713,OK,1770975998.752890
1268,57.043,OK,1770975998.812133
1269,57.517,OK,1770975998.872128
1270,56.424,OK,1770975998.931107
1271,57.638,OK,1770975998.991178
1272,58.350,OK,1770975999.052027
1273,51.683,OK,1770975999.106161
1274,62.518,OK,1770975999.171182
1275,58.218,OK,1770975999.233063
1276,57.321,OK,1770975999.292870
1277,58.016,OK,1770975999.352931
1278,56.949,OK,1770975999.412051
1279,56.617,OK,1770975999.471088
1280,58.643,OK,1770975999.532107
1281,56.562,OK,1770975999.591089
1282,59.610,OK,1770975999.653176
1283,56.765,OK,1770975999.712291
1284,56.439,OK,1770975999.771153
1285,59.712,OK,1770975999.833223
1286,81.245,OK,1770975999.917907
1287,70.826,OK,1770975999.992060
1288,42.472,OK,1770976000.038147
1289,51.506,OK,1770976000.092068
1290,57.622,OK,1770976000.152078
1291,57.652,OK,1770976000.212173
1292,56.491,OK,1770976000.271118
1293,49.234,OK,1770976000.323136
1294,65.537,OK,1770976000.391151
1295,57.177,OK,1770976000.451867
1296,58.070,OK,1770976000.511909
1297,58.089,OK,1770976000.572156
1298,56.685,OK,1770976000.631116
1299,58.758,OK,1770976000.692182
1300,56.603,OK,1770976000.751148
1301,64.639,OK,1770976000.818090
1302,70.538,OK,1770976000.892138
1303,56.548,OK,1770976000.952153
1304,57.673,OK,1770976001.012108
1305,57.879,OK,1770976001.071851
1306,58.185,OK,1770976001.131990
1307,56.802,OK,1770976001.190942
1308,59.016,OK,1770976001.252053
1309,57.617,OK,1770976001.312147
1310,57.669,OK,1770976001.372187
1311,57.496,OK,1770976001.432101
1312,56.599,OK,1770976001.491088
1313,58.607,OK,1770976001.552120
1314,56.548,OK,1770976001.611105
1315,57.891,OK,1770976001.670953
1316,58.182,OK,1770976001.731093
1317,57.617,OK,1770976001.791107
1318,58.588,OK,1770976001.852150
1319,56.644,OK,1770976001.911186
1320,58.634,OK,1770976001.972221
1321,48.760,OK,1770976002.023167
1322,66.607,OK,1770976002.092156
1323,55.266,OK,1770976002.151156
1324,64.244,OK,1770976002.217855
1325,70.932,OK,1770976002.291907
1326,76.920,OK,1770976002.372130
1327,56.469,OK,1770976002.432196
1328,50.671,OK,1770976002.485141
1329,63.621,OK,1770976002.551186
1330,56.421,OK,1770976002.611146
1331,53.065,OK,1770976002.666946
1332,48.041,OK,1770976002.717141
1333,51.399,OK,1770976002.770850
1334,59.372,OK,1770976002.832011
1335,58.118,OK,1770976002.892103
1336,56.691,OK,1770976002.951111
1337,57.661,OK,1770976003.011192
1338,57.649,OK,1770976003.071167
1339,57.541,OK,1770976003.131157
1340,57.713,OK,1770976003.191147
1341,57.541,OK,1770976003.251137
1342,57.827,OK,1770976003.311174
1343,57.276,OK,1770976003.370844
1344,60.214,OK,1770976003.432911
1345,55.992,OK,1770976003.492128
1346,56.581,OK,1770976003.551143
1347,57.676,OK,1770976003.611156
1348,57.629,OK,1770976003.671216
1349,57.535,OK,1770976003.731114
1350,57.623,OK,1770976003.791175
1351,57.495,OK,1770976003.850941
1352,59.759,OK,1770976003.912885
1353,55.758,OK,1770976003.970925
1354,59.099,OK,1770976004.032169
1355,56.752,OK,1770976004.091194
1356,58.689,OK,1770976004.152281
1357,57.382,OK,1770976004.212140
1358,57.535,OK,1770976004.272158
1359,56.805,OK,1770976004.331158
1360,58.578,OK,1770976004.392152
1361,59.903,OK,1770976004.454173
1362,79.192,OK,1770976004.536902
1363,50.277,OK,1770976004.591007
1364,59.085,OK,1770976004.652179
1365,56.911,OK,1770976004.711203
1366,57.582,OK,1770976004.771151
1367,57.806,OK,1770976004.831157
1368,57.657,OK,1770976004.891211
1369,65.625,OK,1770976004.959125
1370,69.573,OK,1770976005.032173
1371,77.213,OK,1770976005.112888
1372,54.999,OK,1770976005.170984
1373,58.206,OK,1770976005.231188
1374,63.691,OK,1770976005.297183
1375,71.629,OK,1770976005.372211
1376,52.393,OK,1770976005.428155
1377,47.695,OK,1770976005.478194
1378,70.738,OK,1770976005.551159
1379,57.572,OK,1770976005.612202
1380,56.377,OK,1770976005.670930
1381,73.253,OK,1770976005.745956
1382,52.943,OK,1770976005.802170
1383,67.606,OK,1770976005.872155
1384,55.445,OK,1770976005.931102
1385,63.880,OK,1770976005.997268
1386,70.375,OK,1770976006.071157
1387,57.602,OK,1770976006.132195
1388,52.574,OK,1770976006.187244
1389,51.407,OK,1770976006.240925
1390,75.213,OK,1770976006.318201
1391,49.453,OK,1770976006.371157
1392,58.745,OK,1770976006.432209
1393,48.822,OK,1770976006.483366
1394,66.448,OK,1770976006.552186
1395,55.413,OK,1770976006.611223
1396,57.440,OK,1770976006.670968
1397,58.055,OK,1770976006.731171
1398,59.617,OK,1770976006.793157
1399,56.074,OK,1770976006.850949
1400,58.792,OK,1770976006.911612
1401,58.060,OK,1770976006.972162
1402,58.774,OK,1770976007.033206
1403,55.551,OK,1770976007.091208
1404,59.753,OK,1770976007.153223
1405,55.274,OK,1770976007.212127
1406,57.717,OK,1770976007.272174
1407,56.609,OK,1770976007.331176
1408,58.469,OK,1770976007.391912
1409,51.035,OK,1770976007.444968
1410,64.207,OK,1770976007.511157
1411,57.562,OK,1770976007.572215
1412,56.551,OK,1770976007.631126
1413,57.238,OK,1770976007.690969
1414,60.104,OK,1770976007.753146
1415,55.602,OK,1770976007.812202
1416,56.522,OK,1770976007.871171
1417,64.899,OK,1770976007.938200
1418,49.144,OK,1770976007.990906
1419,58.384,OK,1770976008.051264
1420,57.400,OK,1770976008.111146
1421,57.709,OK,1770976008.171194
1422,57.611,OK,1770976008.231174
1423,57.734,OK,1770976008.291184
1424,57.856,OK,1770976008.351216
1425,48.556,OK,1770976008.402186
1426,67.641,OK,1770976008.472191
1427,55.512,OK,1770976008.530996
1428,58.130,OK,1770976008.590922
1429,65.279,OK,1770976008.658108
1430,49.906,OK,1770976008.711194
1431,57.839,OK,1770976008.771215
1432,58.737,OK,1770976008.832198
1433,56.785,OK,1770976008.891209
1434,57.758,OK,1770976008.951151
1435,57.884,OK,1770976009.011207
1436,57.737,OK,1770976009.071182
1437,57.506,OK,1770976009.131044
1438,58.022,OK,1770976009.190954
1439,59.159,OK,1770976009.252200
1440,56.659,OK,1770976009.311305
1441,57.456,OK,1770976009.371202
1442,58.590,OK,1770976009.432206
1443,57.517,OK,1770976009.492307
1444,57.523,OK,1770976009.552170
1445,57.799,OK,1770976009.612314
1446,63.481,OK,1770976009.678116
1447,71.079,OK,1770976009.751969
1448,55.811,OK,1770976009.810972
1449,58.003,OK,1770976009.870951
1450,58.215,OK,1770976009.931181
1451,57.848,OK,1770976009.991205
1452,77.764,OK,1770976010.071169
1453,56.750,OK,1770976010.131245
1454,57.722,OK,1770976010.191166
1455,57.981,OK,1770976010.251284
1456,57.346,OK,1770976010.310917
1457,60.469,OK,1770976010.373320
1458,74.554,OK,1770976010.451239
1459,58.518,OK,1770976010.513248
1460,56.850,OK,1770976010.572422
1461,56.482,OK,1770976010.631311
1462,57.641,OK,1770976010.691280
1463,57.684,OK,1770976010.751244
1464,57.745,OK,1770976010.811202
1465,57.461,OK,1770976010.870915
1466,58.771,OK,1770976010.931342
1467,57.514,OK,1770976010.991217
1468,57.870,OK,1770976011.051234
1469,57.863,OK,1770976011.111220
1470,57.930,OK,1770976011.171211
1471,77.852,OK,1770976011.251203
1472,56.717,OK,1770976011.311182
1473,58.683,OK,1770976011.372221
1474,58.510,OK,1770976011.432945
1475,56.183,OK,1770976011.491005
1476,58.286,OK,1770976011.551331
1477,57.684,OK,1770976011.611212
1478,57.317,OK,1770976011.671013
1479,58.255,OK,1770976011.731236
1480,52.609,OK,1770976011.786229
1481,69.751,OK,1770976011.858299
1482,70.421,OK,1770976011.932258
1483,55.151,OK,1770976011.990859
1484,58.217,OK,1770976012.050995
1485,59.468,OK,1770976012.112211
1486,56.557,OK,1770976012.171152
1487,47.805,OK,1770976012.221193
1488,68.691,OK,1770976012.292265
1489,55.604,OK,1770976012.351234
1490,58.812,OK,1770976012.412319
1491,57.649,OK,1770976012.472253
1492,57.700,OK,1770976012.532231
1493,56.490,OK,1770976012.591004
1494,58.220,OK,1770976012.651142
1495,58.249,OK,1770976012.711324
1496,58.507,OK,1770976012.772265
1497,57.645,OK,1770976012.832227
1498,56.730,OK,1770976012.891191
1499,60.005,OK,1770976012.953194
1500,54.748,OK,1770976013.011275
1501,57.709,OK,1770976013.071166
1502,57.912,OK,1770976013.131247
1503,57.299,OK,1770976013.190916
1504,58.430,OK,1770976013.251044
1505,47.099,OK,1770976013.300212
1506,68.902,OK,1770976013.371257
1507,49.636,OK,1770976013.424251
1508,64.803,OK,1770976013.491230
1509,56.582,OK,1770976013.551242
1510,57.915,OK,1770976013.611307
1511,57.526,OK,1770976013.671047
1512,57.971,OK,1770976013.730954
1513,58.121,OK,1770976013.790906
1514,59.425,OK,1770976013.852071
1515,57.061,OK,1770976013.911208
1516,57.849,OK,1770976013.971323
1517,57.600,OK,1770976014.031198
1518,57.829,OK,1770976014.091281
1519,59.813,OK,1770976014.153302
1520,61.600,OK,1770976014.218341
1521,69.512,OK,1770976014.291319
1522,56.238,OK,1770976014.350985
1523,48.174,OK,1770976014.401029
1524,49.228,OK,1770976014.452303
1525,56.684,OK,1770976014.511282
1526,57.812,OK,1770976014.571412
1527,58.590,OK,1770976014.632290
1528,56.452,OK,1770976014.691047
1529,59.073,OK,1770976014.752336
1530,59.689,OK,1770976014.814332
1531,56.324,OK,1770976014.873255
1532,55.415,OK,1770976014.931001
1533,59.024,OK,1770976014.992065
1534,58.144,OK,1770976015.052464
1535,56.448,OK,1770976015.111204
1536,57.744,OK,1770976015.171288
1537,52.762,OK,1770976015.226302
1538,62.697,OK,1770976015.291230
1539,56.642,OK,1770976015.351294
1540,50.653,OK,1770976015.404217
1541,64.477,OK,1770976015.470950
1542,60.097,OK,1770976015.534060
1543,53.990,OK,1770976015.591197
1544,60.081,OK,1770976015.653250
1545,55.919,OK,1770976015.712428
1546,56.581,OK,1770976015.771265
1547,47.906,OK,1770976015.821354
1548,67.750,OK,1770976015.891278
1549,56.772,OK,1770976015.951304
1550,57.692,OK,1770976016.011298
1551,57.550,OK,1770976016.071003
1552,58.178,OK,1770976016.131062
1553,58.173,OK,1770976016.191298
1554,57.719,OK,1770976016.251246
1555,69.843,OK,1770976016.323302
1556,70.652,OK,1770976016.397312
1557,70.629,OK,1770976016.471324
1558,57.667,OK,1770976016.532281
1559,50.874,OK,1770976016.585269
1560,48.813,OK,1770976016.636170
1561,53.199,OK,1770976016.691072
1562,53.186,OK,1770976016.746134
1563,64.285,OK,1770976016.812320
1564,56.470,OK,1770976016.872289
1565,57.798,OK,1770976016.932322
1566,56.793,OK,1770976016.991365
1567,58.728,OK,1770976017.052302
1568,57.827,OK,1770976017.112320
1569,56.767,OK,1770976017.171272
1570,46.618,OK,1770976017.220128
1571,69.173,OK,1770976017.291104
1572,56.953,OK,1770976017.351204
1573,49.993,OK,1770976017.403398
1574,65.727,OK,1770976017.471310
1575,57.712,OK,1770976017.532283
1576,57.837,OK,1770976017.592329
1577,57.805,OK,1770976017.652328
1578,76.891,OK,1770976017.731369
1579,59.336,OK,1770976017.794119
1580,56.168,OK,1770976017.852099
1581,58.132,OK,1770976017.912260
1582,57.901,OK,1770976017.972308
1583,82.867,OK,1770976018.057393
1584,50.464,OK,1770976018.111312
1585,57.647,OK,1770976018.171223
1586,57.819,OK,1770976018.231289
1587,57.781,OK,1770976018.291329
1588,57.728,OK,1770976018.351309
1589,49.473,OK,1770976018.403012
1590,46.251,OK,1770976018.451207
1591,58.982,OK,1770976018.512189
1592,56.941,OK,1770976018.571258
1593,63.913,OK,1770976018.637316
1594,73.439,OK,1770976018.717264
1595,70.904,OK,1770976018.791338
1596,57.388,OK,1770976018.852057
1597,57.353,OK,1770976018.911294
1598,57.550,OK,1770976018.971050
1599,58.316,OK,1770976019.031054
1600,59.223,OK,1770976019.092251
1601,56.784,OK,1770976019.151316
1602,58.813,OK,1770976019.212311
1603,56.917,OK,1770976019.271384
1604,57.712,OK,1770976019.331309
1605,57.809,OK,1770976019.391287
1606,69.903,OK,1770976019.463380
1607,65.229,OK,1770976019.531989
1608,57.053,OK,1770976019.592077
1609,58.337,OK,1770976019.652294
1610,57.831,OK,1770976019.712351
1611,57.795,OK,1770976019.772331
1612,63.742,OK,1770976019.838295
1613,70.829,OK,1770976019.912340
1614,56.482,OK,1770976019.972293
1615,57.059,OK,1770976020.031529
1616,57.233,OK,1770976020.091149
1617,59.134,OK,1770976020.152088
1618,57.038,OK,1770976020.211067
1619,59.373,OK,1770976020.272405
1620,56.778,OK,1770976020.331337
1621,58.713,OK,1770976020.392303
1622,57.921,OK,1770976020.452322
1623,56.884,OK,1770976020.511317
1624,57.600,OK,1770976020.571352
1625,46.680,OK,1770976020.620329
1626,69.543,OK,1770976020.692020
1627,56.979,OK,1770976020.752281
1628,57.945,OK,1770976020.812225
1629,56.762,OK,1770976020.871268
1630,57.771,OK,1770976020.931351
1631,57.587,OK,1770976020.991319
1632,58.695,OK,1770976021.052295
1633,66.725,OK,1770976021.121380
1634,52.505,OK,1770976021.177367
1635,52.627,OK,1770976021.232315
1636,50.421,OK,1770976021.285061
1637,64.267,OK,1770976021.351109
1638,58.009,OK,1770976021.412351
1639,58.743,OK,1770976021.473315
1640,56.642,OK,1770976021.532309
1641,57.793,OK,1770976021.592320
1642,56.805,OK,1770976021.651434
1643,58.903,OK,1770976021.712395
1644,57.631,OK,1770976021.772388
1645,57.528,OK,1770976021.832032
1646,58.116,OK,1770976021.892068
1647,58.245,OK,1770976021.952146
1648,58.165,OK,1770976022.012316
1649,57.735,OK,1770976022.072313
1650,57.748,OK,1770976022.132384
1651,57.705,OK,1770976022.192421
1652,57.769,OK,1770976022.252432
1653,48.665,OK,1770976022.303367
1654,63.560,OK,1770976022.369366
1655,58.965,OK,1770976022.431638
1656,57.513,OK,1770976022.492108
1657,58.058,OK,1770976022.552125
1658,64.354,OK,1770976022.618363
1659,50.581,OK,1770976022.672405
1660,56.885,OK,1770976022.731383
1661,58.664,OK,1770976022.792322
1662,56.992,OK,1770976022.851439
1663,58.634,OK,1770976022.912357
1664,60.642,OK,1770976022.975324
1665,53.275,OK,1770976023.032133
1666,58.203,OK,1770976023.092106
1667,56.999,OK,1770976023.151288
1668,58.784,OK,1770976023.212381
1669,103.624,OK,1770976023.318377
1670,48.489,OK,1770976023.370342
1671,50.685,OK,1770976023.423309
1672,51.726,OK,1770976023.477348
1673,49.791,OK,1770976023.529358
1674,49.551,OK,1770976023.581152
1675,52.172,OK,1770976023.635161
1676,54.061,OK,1770976023.691253
1677,50.041,OK,1770976023.743389
1678,54.554,OK,1770976023.800344
1679,51.750,OK,1770976023.854353
1680,48.807,OK,1770976023.905345
1681,50.805,OK,1770976023.958338
1682,54.960,OK,1770976024.015405
1683,48.877,OK,1770976024.066429
1684,54.733,OK,1770976024.123641
1685,47.471,OK,1770976024.173250
1686,52.199,OK,1770976024.227147
1687,48.332,OK,1770976024.277454
1688,50.943,OK,1770976024.330417
1689,48.706,OK,1770976024.381404
1690,55.753,OK,1770976024.439342
1691,47.686,OK,1770976024.489381
1692,49.780,OK,1770976024.541371
1693,49.675,OK,1770976024.593365
1694,49.762,OK,1770976024.645356
1695,49.690,OK,1770976024.697207
1696,45.939,OK,1770976024.745102
1697,52.272,OK,1770976024.799114
1698,48.024,OK,1770976024.849123
1699,52.305,OK,1770976024.903380
1700,55.781,OK,1770976024.961354
1701,48.790,OK,1770976025.012358
1702,54.796,OK,1770976025.069363
1703,54.719,OK,1770976025.126325
1704,47.731,OK,1770976025.176423
1705,48.896,OK,1770976025.227446
1706,47.614,OK,1770976025.277355
1707,49.638,OK,1770976025.329130
1708,46.192,OK,1770976025.377120
1709,48.096,OK,1770976025.427105
1710,51.218,OK,1770976025.480365
1711,58.701,OK,1770976025.541370
1712,51.682,OK,1770976025.595383
1713,47.777,OK,1770976025.645393
1714,45.139,OK,1770976025.693147
1715,54.222,OK,1770976025.749362
1716,51.707,OK,1770976025.803363
1717,48.744,OK,1770976025.854378
1718,55.336,OK,1770976025.912106
1719,47.209,OK,1770976025.961143
1720,46.107,OK,1770976026.009149
1721,52.176,OK,1770976026.063370
1722,50.776,OK,1770976026.116388
1723,52.696,OK,1770976026.171386
1724,49.654,OK,1770976026.223376
1725,54.712,OK,1770976026.280400
1726,48.782,OK,1770976026.331385
1727,57.730,OK,1770976026.391412
1728,53.645,OK,1770976026.447335
1729,53.689,OK,1770976026.503237
1730,55.043,OK,1770976026.560150
1731,54.207,OK,1770976026.616400
1732,46.777,OK,1770976026.665456
1733,49.799,OK,1770976026.717392
1734,56.754,OK,1770976026.776392
1735,51.780,OK,1770976026.830437
1736,48.693,OK,1770976026.881413
1737,55.769,OK,1770976026.939396
1738,63.680,OK,1770976027.005410
1739,49.213,OK,1770976027.058146
1740,50.240,OK,1770976027.110161
1741,49.156,OK,1770976027.161108
1742,56.290,OK,1770976027.219382
1743,49.651,OK,1770976027.271308
1744,52.465,OK,1770976027.326372
1745,48.681,OK,1770976027.377376
1746,55.814,OK,1770976027.435462
1747,49.684,OK,1770976027.487388
1748,47.678,OK,1770976027.537374
1749,55.756,OK,1770976027.595438
1750,53.456,OK,1770976027.651165
1751,55.067,OK,1770976027.708174
1752,47.043,OK,1770976027.757324
1753,46.810,OK,1770976027.806336
1754,48.945,OK,1770976027.857623
1755,45.278,OK,1770976027.905142
1756,63.283,OK,1770976027.970406
1757,47.710,OK,1770976028.021527
1758,50.544,OK,1770976028.074317
1759,54.867,OK,1770976028.131404
1760,52.749,OK,1770976028.186412
1761,55.476,OK,1770976028.244083
1762,47.130,OK,1770976028.293157
1763,50.238,OK,1770976028.345451
1764,54.637,OK,1770976028.402392
1765,49.710,OK,1770976028.454404
1766,64.723,OK,1770976028.521388
1767,56.627,OK,1770976028.581374
1768,54.715,OK,1770976028.638413
1769,48.820,OK,1770976028.689459
1770,49.684,OK,1770976028.741419
1771,50.009,OK,1770976028.793708
1772,49.268,OK,1770976028.845094
1773,53.184,OK,1770976028.900212
1774,48.094,OK,1770976028.950391
1775,48.529,OK,1770976029.001357
1776,49.707,OK,1770976029.053409
1777,56.722,OK,1770976029.112395
1778,53.777,OK,1770976029.168419
1779,50.606,OK,1770976029.221379
1780,49.770,OK,1770976029.273411
1781,50.858,OK,1770976029.326447
1782,55.572,OK,1770976029.384175
1783,53.222,OK,1770976029.439326
1784,48.800,OK,1770976029.490201
1785,49.273,OK,1770976029.541401
1786,47.869,OK,1770976029.591469
1787,51.552,OK,1770976029.645454
1788,50.733,OK,1770976029.698482
1789,54.560,OK,1770976029.755408
1790,60.734,OK,1770976029.818368
1791,47.729,OK,1770976029.869549
1792,49.671,OK,1770976029.921411
1793,49.469,OK,1770976029.973129
1794,64.636,OK,1770976030.041440
1795,48.356,OK,1770976030.093323
1796,56.839,OK,1770976030.152416
1797,70.684,OK,1770976030.225421
1798,59.549,OK,1770976030.288414
1799,70.677,OK,1770976030.361317
1800,48.651,OK,1770976030.413462
1801,57.784,OK,1770976030.473367
1802,49.537,OK,1770976030.525270
1803,57.067,OK,1770976030.584139
1804,54.237,OK,1770976030.640136
1805,58.144,OK,1770976030.700497
1806,56.579,OK,1770976030.759530
1807,49.597,OK,1770976030.811323
1808,53.956,OK,1770976030.867605
1809,47.386,OK,1770976030.917395
1810,52.722,OK,1770976030.972387
1811,47.761,OK,1770976031.022471
1812,48.551,OK,1770976031.073398
1813,49.491,OK,1770976031.125228
1814,45.045,OK,1770976031.172260
1815,50.314,OK,1770976031.224459
1816,54.756,OK,1770976031.281413
1817,55.567,OK,1770976031.339458
1818,54.663,OK,1770976031.396383
1819,57.635,OK,1770976031.456438
1820,53.911,OK,1770976031.512435
1821,74.678,OK,1770976031.589428
1822,70.679,OK,1770976031.663502
1823,54.033,OK,1770976031.721087
1824,46.566,OK,1770976031.769244
1825,50.201,OK,1770976031.821420
1826,49.859,OK,1770976031.873434
1827,55.763,OK,1770976031.931459
1828,57.703,OK,1770976031.991437
1829,47.823,OK,1770976032.041443
1830,49.789,OK,1770976032.093438
1831,52.730,OK,1770976032.148369
1832,52.788,OK,1770976032.203448
1833,48.099,OK,1770976032.253647
1834,49.376,OK,1770976032.305419
1835,51.886,OK,1770976032.359242
1836,44.000,OK,1770976032.405359
1837,52.811,OK,1770976032.460331
1838,56.834,OK,1770976032.519371
1839,53.489,OK,1770976032.575438
1840,54.778,OK,1770976032.632410
1841,56.890,OK,1770976032.691500
1842,60.479,OK,1770976032.754418
1843,57.456,OK,1770976032.815385
1844,53.598,OK,1770976032.871243
1845,58.468,OK,1770976032.931536
1846,53.519,OK,1770976032.987420
1847,47.698,OK,1770976033.037418
1848,49.005,OK,1770976033.088536
1849,68.669,OK,1770976033.159467
1850,52.512,OK,1770976033.215357
1851,53.803,OK,1770976033.271445
1852,50.856,OK,1770976033.324402
1853,63.803,OK,1770976033.390478
1854,53.320,OK,1770976033.447150
1855,61.319,OK,1770976033.510221
1856,50.967,OK,1770976033.564443
1857,68.821,OK,1770976033.635444
1858,60.427,OK,1770976033.699233
1859,52.966,OK,1770976033.755460
1860,49.709,OK,1770976033.807384
1861,54.003,OK,1770976033.863562
1862,53.441,OK,1770976033.919253
1863,59.183,OK,1770976033.980506
1864,52.362,OK,1770976034.035137
1865,54.139,OK,1770976034.091214
1866,54.107,OK,1770976034.147416
1867,53.841,OK,1770976034.203448
1868,54.714,OK,1770976034.260448
1869,63.807,OK,1770976034.326401
1870,53.531,OK,1770976034.383421
1871,53.811,OK,1770976034.439420
1872,58.831,OK,1770976034.500386
1873,52.844,OK,1770976034.555449
1874,53.517,OK,1770976034.611238
1875,48.146,OK,1770976034.661262
1876,53.260,OK,1770976034.716471
1877,51.633,OK,1770976034.770454
1878,54.666,OK,1770976034.827441
1879,53.749,OK,1770976034.883418
1880,49.820,OK,1770976034.935463
1881,53.784,OK,1770976034.991464
1882,53.865,OK,1770976035.047501
1883,53.665,OK,1770976035.103470
1884,54.540,OK,1770976035.160183
1885,47.246,OK,1770976035.209176
1886,52.232,OK,1770976035.263184
1887,56.742,OK,1770976035.321885
1888,58.439,OK,1770976035.382507
1889,55.808,OK,1770976035.440472
1890,58.665,OK,1770976035.501445
1891,56.672,OK,1770976035.560463
1892,57.838,OK,1770976035.620520
1893,57.396,OK,1770976035.680207
1894,53.015,OK,1770976035.735239
1895,64.942,OK,1770976035.802210
1896,50.068,OK,1770976035.855309
1897,54.177,OK,1770976035.911425
1898,71.824,OK,1770976035.985461
1899,52.723,OK,1770976036.041461
1900,56.818,OK,1770976036.100453
1901,52.923,OK,1770976036.155444
1902,50.754,OK,1770976036.208450
1903,51.832,OK,1770976036.262413
1904,54.720,OK,1770976036.319231
1905,56.377,OK,1770976036.377350
1906,56.126,OK,1770976036.435287
1907,50.206,OK,1770976036.487457
1908,53.968,OK,1770976036.543484
1909,54.899,OK,1770976036.600466
1910,56.942,OK,1770976036.659510
1911,57.577,OK,1770976036.720448
1912,57.801,OK,1770976036.780481
1913,57.609,OK,1770976036.840245
1914,50.429,OK,1770976036.892280
1915,53.105,OK,1770976036.947189
1916,54.564,OK,1770976037.003538
1917,54.615,OK,1770976037.060401
1918,54.869,OK,1770976037.117456
1919,50.075,OK,1770976037.169874
1920,51.187,OK,1770976037.223409
1921,47.877,OK,1770976037.273479
1922,57.673,OK,1770976037.333456
1923,48.752,OK,1770976037.384486
1924,56.618,OK,1770976037.443479
1925,57.287,OK,1770976037.503229
1926,56.293,OK,1770976037.561284
1927,53.313,OK,1770976037.616481
1928,52.409,OK,1770976037.671200
1929,54.402,OK,1770976037.727520
1930,53.725,OK,1770976037.783422
1931,54.985,OK,1770976037.840551
1932,60.690,OK,1770976037.903489
1933,58.580,OK,1770976037.965497
1934,43.771,OK,1770976038.011536
1935,53.585,OK,1770976038.067304
1936,50.052,OK,1770976038.119193
1937,62.353,OK,1770976038.183428
1938,267.903,OK,1770976038.454570
1939,47.387,OK,1770976038.505422
1940,57.884,OK,1770976038.565451
1941,49.526,OK,1770976038.617232
1942,58.207,OK,1770976038.677291
1943,52.191,OK,1770976038.731266
1944,54.447,OK,1770976038.787483
1945,60.709,OK,1770976038.850364
1946,54.837,OK,1770976038.908559
1947,48.647,OK,1770976038.962438
1948,54.075,OK,1770976039.024483
1949,56.121,OK,1770976039.088508
1950,51.046,OK,1770976039.147520
1951,51.644,OK,1770976039.204218
1952,57.285,OK,1770976039.263246
1953,54.257,OK,1770976039.319223
1954,54.520,OK,1770976039.375579
1955,57.434,OK,1770976039.435480
1956,49.859,OK,1770976039.487474
1957,47.886,OK,1770976039.537482
1958,51.247,OK,1770976039.590862
1959,54.592,OK,1770976039.647493
1960,52.382,OK,1770976039.702265
1961,56.333,OK,1770976039.760506
1962,56.546,OK,1770976039.819193
1963,56.478,OK,1770976039.877277
1964,56.352,OK,1770976039.935457
1965,54.146,OK,1770976039.991775
1966,53.583,OK,1770976040.047557
1967,53.810,OK,1770976040.103513
1968,54.924,OK,1770976040.160497
1969,54.964,OK,1770976040.217528
1970,51.875,OK,1770976040.271519
1971,57.878,OK,1770976040.331457
1972,49.740,OK,1770976040.383317
1973,55.380,OK,1770976040.440517
1974,50.455,OK,1770976040.493115
1975,49.403,OK,1770976040.544509
1976,56.792,OK,1770976040.603487
1977,62.748,OK,1770976040.668321
1978,56.013,OK,1770976040.727489
1979,55.925,OK,1770976040.785455
1980,58.900,OK,1770976040.846491
1981,67.043,OK,1770976040.915709
1982,57.248,OK,1770976040.976257
1983,53.783,OK,1770976041.031720
1984,67.247,OK,1770976041.100949
1985,54.805,OK,1770976041.159486
1986,66.589,OK,1770976041.228365
1987,55.743,OK,1770976041.287468
1988,53.916,OK,1770976041.343559
1989,54.809,OK,1770976041.400473
1990,52.845,OK,1770976041.455513
1991,53.055,OK,1770976041.510512
1992,49.534,OK,1770976041.562215
1993,57.676,OK,1770976041.621547
1994,57.862,OK,1770976041.681548
1995,58.841,OK,1770976041.742561
1996,55.869,OK,1770976041.800531
1997,57.843,OK,1770976041.860525
1998,52.781,OK,1770976041.915488
1999,55.894,OK,1770976041.973507
2000,57.859,OK,1770976042.033500
2001,49.922,OK,1770976042.085510
2002,52.702,OK,1770976042.140342
2003,54.137,OK,1770976042.196333
2004,57.181,OK,1770976042.255488
2005,53.800,OK,1770976042.311429
2006,61.943,OK,1770976042.375527
2007,58.762,OK,1770976042.437560
2008,52.749,OK,1770976042.492550
2009,52.791,OK,1770976042.547456
2010,47.771,OK,1770976042.597430
2011,56.875,OK,1770976042.656448
2012,52.540,OK,1770976042.711239
2013,48.118,OK,1770976042.761301
2014,57.231,OK,1770976042.820558
2015,47.276,OK,1770976042.870331
2016,49.357,OK,1770976042.921578
2017,58.293,OK,1770976042.982019
2018,51.342,OK,1770976043.035533
2019,56.788,OK,1770976043.094489
2020,60.850,OK,1770976043.157603
2021,50.549,OK,1770976043.211526
2022,53.528,OK,1770976043.267253
2023,54.518,OK,1770976043.323369
2024,49.143,OK,1770976043.374541
2025,50.848,OK,1770976043.427487
2026,49.886,OK,1770976043.479518
2027,53.927,OK,1770976043.535540
2028,53.726,OK,1770976043.591537
2029,59.851,OK,1770976043.653505
2030,55.309,OK,1770976043.712360
2031,56.126,OK,1770976043.770556
2032,49.630,OK,1770976043.822559
2033,55.337,OK,1770976043.880210
2034,53.250,OK,1770976043.935334
2035,114.266,OK,1770976044.051522
2036,49.438,OK,1770976044.104514
2037,49.685,OK,1770976044.156493
2038,57.896,OK,1770976044.216589
2039,70.880,OK,1770976044.289613
2040,48.368,OK,1770976044.341533
2041,51.914,OK,1770976044.395506
2042,62.149,OK,1770976044.459916
2043,49.686,OK,1770976044.512529
2044,81.515,OK,1770976044.596309
2045,59.731,OK,1770976044.659499
2046,52.598,OK,1770976044.714546
2047,49.900,OK,1770976044.766512
2048,57.781,OK,1770976044.826528
2049,70.999,OK,1770976044.899584
2050,49.294,OK,1770976044.952458
2051,77.738,OK,1770976045.032267
2052,58.990,OK,1770976045.094306
2053,70.520,OK,1770976045.166729
2054,50.296,OK,1770976045.220522
2055,50.181,OK,1770976045.272691
2056,53.726,OK,1770976045.328598
2057,54.868,OK,1770976045.385644
2058,57.779,OK,1770976045.445610
2059,58.745,OK,1770976045.506466
2060,63.643,OK,1770976045.572332
2061,53.204,OK,1770976045.628327
2062,52.118,OK,1770976045.682414
2063,48.140,OK,1770976045.732529
2064,69.615,OK,1770976045.804483
2065,58.420,OK,1770976045.866302
2066,52.175,OK,1770976045.920530
2067,50.884,OK,1770976045.973525
2068,54.765,OK,1770976046.030494
2069,55.849,OK,1770976046.088542
2070,55.424,OK,1770976046.146178
2071,78.448,OK,1770976046.226347
2072,56.896,OK,1770976046.286554
2073,75.923,OK,1770976046.364568
2074,51.472,OK,1770976046.419554
2075,49.936,OK,1770976046.474609
2076,76.702,OK,1770976046.553528
2077,63.575,OK,1770976046.620504
2078,64.284,OK,1770976046.688333
2079,54.874,OK,1770976046.746345
2080,57.972,OK,1770976046.806312
2081,58.383,OK,1770976046.866561
2082,73.745,OK,1770976046.942581
2083,52.614,OK,1770976046.998538
2084,58.819,OK,1770976047.059500
2085,50.875,OK,1770976047.112521
2086,55.851,OK,1770976047.170476
2087,50.076,OK,1770976047.222610
2088,57.779,OK,1770976047.282531
2089,57.766,OK,1770976047.342425
2090,54.008,OK,1770976047.398294
2091,54.252,OK,1770976047.454552
2092,51.609,OK,1770976047.508559
2093,61.719,OK,1770976047.572608
2094,54.640,OK,1770976047.630594
2095,53.802,OK,1770976047.686687
2096,75.684,OK,1770976047.764577
2097,53.541,OK,1770976047.821609
2098,70.500,OK,1770976047.894269
2099,52.949,OK,1770976047.950377
2100,58.632,OK,1770976048.010658
2101,69.409,OK,1770976048.082604
2102,56.586,OK,1770976048.142625
2103,53.453,OK,1770976048.198530
2104,69.785,OK,1770976048.270564
2105,50.184,OK,1770976048.324561
2106,56.082,OK,1770976048.382762
2107,57.456,OK,1770976048.442574
2108,54.718,OK,1770976048.499564
2109,58.858,OK,1770976048.560359
2110,57.233,OK,1770976048.619594
2111,58.434,OK,1770976048.680307
2112,57.392,OK,1770976048.739584
2113,52.739,OK,1770976048.794536
2114,53.867,OK,1770976048.850658
2115,63.880,OK,1770976048.916725
2116,71.347,OK,1770976048.991607
2117,60.205,OK,1770976049.055273
2118,61.980,OK,1770976049.120345
2119,55.613,OK,1770976049.179347
2120,51.248,OK,1770976049.232543
2121,55.691,OK,1770976049.290574
2122,52.745,OK,1770976049.345605
2123,52.536,OK,1770976049.400607
2124,55.617,OK,1770976049.458514
2125,57.791,OK,1770976049.518615
2126,53.535,OK,1770976049.574564
2127,54.400,OK,1770976049.631330
2128,52.994,OK,1770976049.686302
2129,55.046,OK,1770976049.743340
2130,54.280,OK,1770976049.799527
2131,51.734,OK,1770976049.853631
2132,53.975,OK,1770976049.909663
2133,54.600,OK,1770976049.966602
2134,53.856,OK,1770976050.022570
2135,58.633,OK,1770976050.083573
2136,54.844,OK,1770976050.140573
2137,51.303,OK,1770976050.194231
2138,54.014,OK,1770976050.250341
2139,50.324,OK,1770976050.302655
2140,53.698,OK,1770976050.358576
2141,49.687,OK,1770976050.410568
2142,54.888,OK,1770976050.467579
2143,58.720,OK,1770976050.528557
2144,55.706,OK,1770976050.586615
2145,53.818,OK,1770976050.642612
2146,53.579,OK,1770976050.698376
2147,51.231,OK,1770976050.751636
2148,56.528,OK,1770976050.810379
2149,54.118,OK,1770976050.866388
2150,50.177,OK,1770976050.918595
2151,53.733,OK,1770976050.974560
2152,63.944,OK,1770976051.040618
2153,55.427,OK,1770976051.099635
2154,77.892,OK,1770976051.179652
2155,55.430,OK,1770976051.238624
2156,53.870,OK,1770976051.294609
2157,54.757,OK,1770976051.351608
2158,56.734,OK,1770976051.410512
2159,48.946,OK,1770976051.461413
2160,55.287,OK,1770976051.518648
2161,53.728,OK,1770976051.574627
2162,57.945,OK,1770976051.634641
2163,54.628,OK,1770976051.691689
2164,56.872,OK,1770976051.750630
2165,63.609,OK,1770976051.816619
2166,50.176,OK,1770976051.870414
2167,54.076,OK,1770976051.926571
2168,53.603,OK,1770976051.982386
2169,55.817,OK,1770976052.040382
2170,58.241,OK,1770976052.100621
2171,51.851,OK,1770976052.154642
2172,63.987,OK,1770976052.220708
2173,56.456,OK,1770976052.280663
2174,58.708,OK,1770976052.341579
2175,54.849,OK,1770976052.398576
2176,69.733,OK,1770976052.470590
2177,56.303,OK,1770976052.530355
2178,54.051,OK,1770976052.586300
2179,55.382,OK,1770976052.643617
2180,52.618,OK,1770976052.698431
2181,58.184,OK,1770976052.758599
2182,58.860,OK,1770976052.819609
2183,56.783,OK,1770976052.878593
2184,53.961,OK,1770976052.934619
2185,57.646,OK,1770976052.994617
2186,53.842,OK,1770976053.050624
2187,67.636,OK,1770976053.120449
2188,55.976,OK,1770976053.179372
2189,49.072,OK,1770976053.230539
2190,53.894,OK,1770976053.286601
2191,54.738,OK,1770976053.343635
2192,74.909,OK,1770976053.420631
2193,54.475,OK,1770976053.478658
2194,57.749,OK,1770976053.538573
2195,57.993,OK,1770976053.598912
2196,59.374,OK,1770976053.660664
2197,55.339,OK,1770976053.718443
2198,54.196,OK,1770976053.774412
2199,55.137,OK,1770976053.831623
2200,57.110,OK,1770976053.891026
2201,53.182,OK,1770976053.946723
2202,52.475,OK,1770976054.001593
2203,55.751,OK,1770976054.059685
2204,52.507,OK,1770976054.114602
2205,54.922,OK,1770976054.171666
2206,51.579,OK,1770976054.225585
2207,54.880,OK,1770976054.282651
2208,54.895,OK,1770976054.339409
2209,57.197,OK,1770976054.398624
2210,53.705,OK,1770976054.454649
2211,58.826,OK,1770976054.515607
2212,56.672,OK,1770976054.574629
2213,53.766,OK,1770976054.630634
2214,57.580,OK,1770976054.690485
2215,59.081,OK,1770976054.751662
2216,57.566,OK,1770976054.811605
2217,56.430,OK,1770976054.870389
2218,56.209,OK,1770976054.928437
2219,55.969,OK,1770976054.986590
2220,58.795,OK,1770976055.047670
2221,52.598,OK,1770976055.102665
2222,48.689,OK,1770976055.153594
2223,53.720,OK,1770976055.209579
2224,56.535,OK,1770976055.268572
2225,55.821,OK,1770976055.326709
2226,69.385,OK,1770976055.398536
2227,52.702,OK,1770976055.454341
2228,71.136,OK,1770976055.527459
2229,55.956,OK,1770976055.586591
2230,57.803,OK,1770976055.646583
2231,53.570,OK,1770976055.702437
2232,53.974,OK,1770976055.758664
2233,51.726,OK,1770976055.812696
2234,55.586,OK,1770976055.870685
2235,53.534,OK,1770976055.926653
2236,61.416,OK,1770976055.990361
2237,60.830,OK,1770976056.054432
2238,52.728,OK,1770976056.110494
2239,53.987,OK,1770976056.166656
2240,52.531,OK,1770976056.221636
2241,54.728,OK,1770976056.278663
2242,53.729,OK,1770976056.334784
2243,53.520,OK,1770976056.390620
2244,53.708,OK,1770976056.446674
2245,53.853,OK,1770976056.502677
2246,53.426,OK,1770976056.558394
2247,60.051,OK,1770976056.620374
2248,55.039,OK,1770976056.678493
2249,53.967,OK,1770976056.734668
2250,53.757,OK,1770976056.790792
2251,53.586,OK,1770976056.846659
2252,53.644,OK,1770976056.902610
2253,57.822,OK,1770976056.962735
2254,53.528,OK,1770976057.018632
2255,57.654,OK,1770976057.078676
2256,59.083,OK,1770976057.140349
2257,56.709,OK,1770976057.199140
2258,52.258,OK,1770976057.253391
2259,54.057,OK,1770976057.309639
2260,58.731,OK,1770976057.370672
2261,55.624,OK,1770976057.428672
2262,55.640,OK,1770976057.486678
2263,55.017,OK,1770976057.543917
2264,58.325,OK,1770976057.604597
2265,55.872,OK,1770976057.662706
2266,57.355,OK,1770976057.722436
2267,53.959,OK,1770976057.778431
2268,53.971,OK,1770976057.834394
2269,54.091,OK,1770976057.890532
2270,55.837,OK,1770976057.948647
2271,55.712,OK,1770976058.006685
2272,53.479,OK,1770976058.062668
2273,53.776,OK,1770976058.118624
2274,53.713,OK,1770976058.174679
2275,52.878,OK,1770976058.229699
2276,53.672,OK,1770976058.285704
2277,54.565,OK,1770976058.342481
2278,54.013,OK,1770976058.398491
2279,50.198,OK,1770976058.450722
2280,57.720,OK,1770976058.510759
2281,53.516,OK,1770976058.566625
2282,49.777,OK,1770976058.618693
2283,57.645,OK,1770976058.678692
2284,53.639,OK,1770976058.734596
2285,49.766,OK,1770976058.786643
2286,53.329,OK,1770976058.842629
2287,56.273,OK,1770976058.901378
2288,54.975,OK,1770976058.958392
2289,53.946,OK,1770976059.014551
2290,53.851,OK,1770976059.070648
2291,49.708,OK,1770976059.122782
2292,59.487,OK,1770976059.184700
2293,55.554,OK,1770976059.242687
2294,53.692,OK,1770976059.298721
2295,54.747,OK,1770976059.355719
2296,52.534,OK,1770976059.410748
2297,57.226,OK,1770976059.470467
2298,56.030,OK,1770976059.528434
2299,56.407,OK,1770976059.586730
2300,53.577,OK,1770976059.642675
2301,55.645,OK,1770976059.700727
2302,55.257,OK,1770976059.758422
2303,43.858,OK,1770976059.804349
2304,54.238,OK,1770976059.860659
2305,55.813,OK,1770976059.918673
2306,53.682,OK,1770976059.974697
2307,53.835,OK,1770976060.030721
2308,52.533,OK,1770976060.085387
2309,51.153,OK,1770976060.138456
2310,53.158,OK,1770976060.193701
2311,55.620,OK,1770976060.251677
2312,56.802,OK,1770976060.310639
2313,56.897,OK,1770976060.369796
2314,51.579,OK,1770976060.423678
2315,48.713,OK,1770976060.474655
2316,52.502,OK,1770976060.529776
2317,54.580,OK,1770976060.586692
2318,53.505,OK,1770976060.642433
2319,54.450,OK,1770976060.698769
2320,58.640,OK,1770976060.759748
2321,56.189,OK,1770976060.818662
2322,61.647,OK,1770976060.882483
2323,56.935,OK,1770976060.942685
2324,69.826,OK,1770976061.014654
2325,55.624,OK,1770976061.073728
2326,70.791,OK,1770976061.146761
2327,56.258,OK,1770976061.206560
2328,53.935,OK,1770976061.262360
2329,54.090,OK,1770976061.318589
2330,54.049,OK,1770976061.374694
2331,57.766,OK,1770976061.434717
2332,53.544,OK,1770976061.490616
2333,53.916,OK,1770976061.546735
2334,57.674,OK,1770976061.606703
2335,46.750,OK,1770976061.655691
2336,56.641,OK,1770976061.714681
2337,47.641,OK,1770976061.764649
2338,55.490,OK,1770976061.822372
2339,54.424,OK,1770976061.878737
2340,59.613,OK,1770976061.940727
2341,57.601,OK,1770976062.000653
2342,57.838,OK,1770976062.060773
2343,55.538,OK,1770976062.118645
2344,53.768,OK,1770976062.174725
2345,51.691,OK,1770976062.228643
2346,51.380,OK,1770976062.282719
2347,49.535,OK,1770976062.334641
2348,47.372,OK,1770976062.384436
2349,60.402,OK,1770976062.446771
2350,52.654,OK,1770976062.502705
2351,54.710,OK,1770976062.559719
2352,56.705,OK,1770976062.618675
2353,53.512,OK,1770976062.674511
2354,54.154,OK,1770976062.730711
2355,57.526,OK,1770976062.790640
2356,53.714,OK,1770976062.846719
2357,53.749,OK,1770976062.902723
2358,57.970,OK,1770976062.962981
2359,53.817,OK,1770976063.018515
2360,53.145,OK,1770976063.073794
2361,54.665,OK,1770976063.130753
2362,56.681,OK,1770976063.189716
2363,56.734,OK,1770976063.248650
2364,51.697,OK,1770976063.302665
2365,54.927,OK,1770976063.359689
2366,52.776,OK,1770976063.414733
2367,53.768,OK,1770976063.470690
2368,51.522,OK,1770976063.524493
2369,56.282,OK,1770976063.582465
2370,53.938,OK,1770976063.638586
2371,70.140,OK,1770976063.710774
2372,50.306,OK,1770976063.764696
2373,55.989,OK,1770976063.822645
2374,55.443,OK,1770976063.880484
2375,60.057,OK,1770976063.942493
2376,53.794,OK,1770976063.999397
2377,53.211,OK,1770976064.054394
2378,54.143,OK,1770976064.110469
